benchmark_id,benchmark_record_id,pmid,title,journal,year,authors,doi,abstract,pubmed_url,gold_label,gold_actual_use,gold_microbial_only,gold_method_relevance,gold_note
B0001,doi:10.7717/peerj.15522,37334135,"Development of a real-time PCR (qPCR) method for the identification of the invasive paddle crab Charybdis japonica (Crustacea, Portunidae).",PeerJ,2023,"Tiffany Js Simpson, Claire M Wellington, Sherralee S Lukehurst, Roger Huerlimann, Heather Veilleux, Michael Snow, Joana Dias, Justin I McDonald",10.7717/peerj.15522,"Crabs can be transported beyond their native range via anthropogenic-mediated means such as aquarium trade, live seafood trade and shipping. Once introduced into new locations, they can establish persisting populations and become invasive, often leading to negative impacts on the recipient environment and native species. Molecular techniques are increasingly being used as complementary tools in biosecurity surveillance and monitoring plans for invasive species. Molecular tools can be particularly useful for early detection, rapid identification and discrimination of closely related species, including when diagnostic morphological characters are absent or challenging, such as early life stages, or when only part of the animal is available. In this study, we developed a species-specific qPCR assay, which targets the cytochrome c oxidase subunit 1 (CO1) region of the Asian paddle crab Charybdis japonica. In Australia, as well as many parts of the world, this species is considered invasive and routine biosecurity surveillance is conducted to reduce the risk of establishment. Through rigorous testing of tissue from target and non-target species we demonstrate that this assay is sensitive enough to detect as little as two copies per reaction and does not cross amplify with other closely related species. Field samples and environmental samples spiked with C. japonica DNA in high and low concentrations indicate that this assay is also a promising tool for detecting trace amounts of C. japonica eDNA in complex substrates, making it a useful complementary tool in marine biosecurity assessments.",https://pubmed.ncbi.nlm.nih.gov/37334135/,in_scope,,,,
B0002,doi:10.1002/edn3.21,,"The detection of aquatic macroorganisms using environmental DNA analysis—A review of methods for collection, extraction, and detection",Environmental DNA,2019,"Satsuki Tsuji, Teruhiko Takahara, Hideyuki Doi, Naoki Shibata, Hiroki Yamanaka",10.1002/edn3.21,"The field of environmental DNA (eDNA) analysis has rapidly developed over the past decade and the technique has become widely used for detecting aquatic macroorganisms in a variety of habitats. However, a variety of measurement protocols have been individually developed for different eDNA studies and this may lead to confusion for others who wish to incorporate eDNA analysis in their research. It is important therefore to synthesize the current status of—and future challenges to—the methodology of eDNA analysis. We here synthesized the protocols from total 438 published eDNA studies detecting aquatic macroorganisms were used to calculate the frequency of using each method in eDNA analysis steps. We found that the frequency of methods used converged to one or two methods for any analysis step. Furthermore, although the procedure with highest frequency is not always the best, it was shown that the eDNA collection by filtration and subsequent extraction/purification using a DNeasy Blood and Tissue DNA extraction kit (Qiagen, Hilden, Germany) or PowerWater DNA Extraction Kit (Qiagen) is the most common procedure. An understanding of the characteristics of commonly used methods can help those newly engaged in eDNA studies to understand the basic outline of eDNA analysis. Our review will be useful for the future improvement and development of analytical eDNA techniques of eDNA by sharing the recognition of methodological characteristic including advantages and disadvantages in major analytical techniques.",https://doi.org/10.1002/edn3.21,in_scope,,,,
B0003,doi:10.1002/aqc.2617,,Environmental DNA (eDNA) detection and habitat occupancy of threatened spotted gar (Lepisosteus oculatus),Aquatic Conservation: Marine and Freshwater Ecosystems,2016,"Margaret Boothroyd, Nicholas E. Mandrak, Michael Fox, Chris C. Wilson",10.1002/aqc.2617,"Determining the occurrence and site occupancy of rare and endangered species can be challenging, particularly without causing harm or stress to the species of concern. Environmental DNA (eDNA) detection was used to assess habitat occupancy by spotted gar (Lepisosteus oculatus), which is federally listed as Threatened in Canada, with known occurrences limited to a small number of locations in southern Ontario. Quantitative polymerase chain reaction (qPCR) assays were developed to detect spotted gar eDNA, which was detected in all but one previously recorded location. The eDNA method was shown to be more effective than traditional netting for detecting spotted gar habitat use. The use of qPCR allowed for quantification of substantial variation in detection strength (copy number) among replicate eDNA samples, with implications for establishing sampling designs for detection and surveillance. The use of eDNA for detection and monitoring of aquatic species of conservation concern shows great potential as a non‐invasive method for assessing species occurrences and habitat occupancy, as well as for informing targeted sampling by conventional capture methods. Copyright © 2016 John Wiley & Sons, Ltd.",https://doi.org/10.1002/aqc.2617,in_scope,,,,
B0004,doi:10.1007/s00442-020-04743-4,32880026,Evaluating environmental DNA as a tool for detecting an amphibian pathogen using an optimized extraction method.,Oecologia,2020,"Laura A Brannelly, Daniel P Wetzel, Michel E B Ohmer, Lydia Zimmerman, Veronica Saenz, Corinne L Richards-Zawacki",10.1007/s00442-020-04743-4,"Environmental DNA (eDNA) detection is a valuable conservation tool that can be used to identify and monitor imperiled or invasive species and wildlife pathogens. Batrachochytrium pathogens are of global conservation concern because they are a leading cause of amphibian decline. While eDNA techniques have been used to detect Batrachochytrium DNA in the environment, a systematic comparison of extraction methods across environmental samples is lacking. In this study, we first compared eDNA extraction methods and found that a soil extraction kit (Qiagen PowerSoil) was the most effective for detecting Batrachochytrium dendrobatidis in water samples. The PowerSoil extraction had a minimum detection level of 100 zoospores and had a two- to four-fold higher detection probability than other commonly used extraction methods (e.g., QIAamp extraction, DNeasy+Qiashredder extraction method, respectively). Next, we used this extraction method on field-collected water and sediment samples and were able to detect pathogen DNA in both. While field-collected water filters were equivalent to amphibian skin swab samples in detecting the presence of pathogen DNA, the seasonal patterns in pathogen quantity were different between skin swabs and water samples. Detection rate was lowest in sediment samples. We also found that detection probability increases with the volume of water filtered. Our results indicate that water filter eDNA samples can be accurate in detecting pathogen presence at the habitat scale but their utility for quantifying pathogen loads in the environment appears limited. We suggest that eDNA techniques be used for early warning detection to guide animal sampling efforts.",https://pubmed.ncbi.nlm.nih.gov/32880026/,in_scope,,,,
B0005,doi:10.1038/s42003-019-0330-9,30820475,Rapid progression and future of environmental DNA research.,Communications biology,2019,Mathew Seymour,10.1038/s42003-019-0330-9,"Environmental DNA based research is a new field within molecular ecology that is seeing an amazing increase in research activity. In our Communications Biology article, we studied the degradation of eDNA in variable systems. Presented here is a short overview of eDNA science and current research activities underway in North Wales.",https://pubmed.ncbi.nlm.nih.gov/30820475/,in_scope,,,,
B0006,doi:10.1111/mec.17758,40249276,The Genomics Revolution in Nonmodel Species: Predictions vs. Reality for Salmonids.,Molecular ecology,2025,"Samuel A May, Samuel W Rosenbaum, Devon E Pearse, Marty Kardos, Craig R Primmer, Diana S Baetscher, Robin S Waples",10.1111/mec.17758,"The increasing feasibility of whole-genome sequencing has been highly anticipated, promising to transform our understanding of the biology of nonmodel species. Notably, dramatic cost reductions beginning around 2007 with the advent of high-throughput sequencing inspired publications heralding the 'genomics revolution', with predictions about its future impacts. Although such predictions served as useful guideposts, value is added when statements are evaluated with the benefit of hindsight. Here, we review 10 key predictions made early in the genomics revolution, highlighting those realised while identifying challenges limiting others. We focus on predictions concerning applied aspects of genomics and examples involving salmonid species which, due to their socioeconomic and ecological significance, have been frontrunners in applications of genomics in nonmodel species. Predicted outcomes included enhanced analytical power, deeper insights into the genetic basis of phenotype and fitness variation, disease management and breeding program advancements. Although many predictions have materialised, several expectations remain unmet due to technological, analytical and knowledge barriers. Additionally, largely unforeseen advancements, including the identification and management applicability of large-effect loci, close-kin mark-recapture, environmental DNA and gene editing have added under-anticipated value. Finally, emerging innovations in artificial intelligence and bioinformatics offer promising new directions. This retrospective evaluation of the impacts of the genomic revolution offers insights into the future of genomics for nonmodel species.",https://pubmed.ncbi.nlm.nih.gov/40249276/,out_of_scope,,,,
B0007,doi:10.1002/edn3.225,,"DNA metabarcoding provides insights into the diverse diet of a dominant suspension feeder, the giant plumose anemone Metridium farcimen",Environmental DNA,2022,"Christopher D. Wells, Gustav Paulay, Bryan N. Nguyen, Matthieu Leray",10.1002/edn3.225,"Benthic suspension feeders have significant impacts on plankton communities by depleting plankton or modifying the composition of the plankton through prey selectivity. Quantifying diets of planktivorous animals can be difficult because plankton are frequently microscopic, may lack diagnostic characters, and are digested at variable rates. With DNA metabarcoding, the identification of gut contents has become faster and more accurate, and the technique allows for higher taxonomic resolution while also identifying rare and highly degraded items that would otherwise not be detected. We used DNA metabarcoding to examine the diet of the giant plumose anemone Metridium farcimen , a large, abundant, competitively dominant anemone on subtidal rock surfaces and floating docks in the northeast Pacific Ocean. Gut contents of 12 individuals were compared to 80‐ and 330‐µm filtered plankton samples collected one hour prior between 0.02 and 1.5 km from the anemones. The objectives of this study were to determine if M . farcimen has a selective diet and compare our findings with traditional gut content analyses. Metabarcoding demonstrated that M . farcimen captured a wider range of prey than previously suspected using traditional visual sampling techniques. Individual gut contents had less richness than the 80‐µm filtered plankton samples but had greater richness than the 330‐µm filtered plankton samples. The diet of the anemones was 52% arthropods with a surprisingly high relative abundance of an ant (10%) that has mating flights in August when this study was conducted. The gut contents of M . farcimen likely include all prey that elicit a predation response and that cannot escape. There were no statistically overrepresented taxa in the gut contents compared to the plankton but there were underrepresented taxa. This study highlights the usefulness of the metabarcoding method in identifying prey within the gut of planktivorous animals and the significant terrestrial input into marine food webs.",https://doi.org/10.1002/edn3.225,out_of_scope,,,,
B0008,doi:10.7554/elife.85795,37431235,Temperature sensitivity of the interspecific interaction strength of coastal marine fish communities.,eLife,2023,"Masayuki Ushio, Testuya Sado, Takehiko Fukuchi, Sachia Sasano, Reiji Masuda, Yutaka Osada, Masaki Miya",10.7554/eLife.85795,"The effects of temperature on interaction strengths are important for understanding and forecasting how global climate change impacts marine ecosystems; however, tracking and quantifying interactions of marine fish species are practically difficult especially under field conditions, and thus, how temperature influences their interaction strengths under field conditions remains poorly understood. We herein performed quantitative fish environmental DNA (eDNA) metabarcoding on 550 seawater samples that were collected twice a month from 11 coastal sites for 2 years in the Boso Peninsula, Japan, and analyzed eDNA monitoring data using nonlinear time series analytical tools. We detected fish-fish interactions as information flow between eDNA time series, reconstructed interaction networks for the top 50 frequently detected species, and quantified pairwise, fluctuating interaction strengths. Although there was a large variation, water temperature influenced fish-fish interaction strengths. The impact of water temperature on interspecific interaction strengths varied among fish species, suggesting that fish species identity influences the temperature effects on interactions. For example, interaction strengths that Halichoeres tenuispinis and Microcanthus strigatus received strongly increased with water temperature, while those of Engraulis japonicus and Girella punctata decreased with water temperature. An increase in water temperature induced by global climate change may change fish interactions in a complex way, which consequently influences marine community dynamics and stability. Our research demonstrates a practical research framework to study the effects of environmental variables on interaction strengths of marine communities in nature, which would contribute to understanding and predicting natural marine ecosystem dynamics.",https://pubmed.ncbi.nlm.nih.gov/37431235/,in_scope,,,,
B0009,doi:10.1186/s12862-023-02170-6,37803274,Paleoecology of extinct species.,BMC ecology and evolution,2023,"Michael Pittman, Yucheng Wang",10.1186/s12862-023-02170-6,"Recent developments, including new imaging and ancient environmental DNA (aeDNA) technologies, are providing unprecedented insights into the past, which can also help researchers predict future ecological change. BMC Ecology and Evolution has launched a new article Collection on the ""Paleoecology of extinct species"" to provide an open-access resource for all interested in this multidisciplinary field.",https://pubmed.ncbi.nlm.nih.gov/37803274/,unsure,,,,
B0010,doi:10.3934/mbe.2022098,35135243,Exploring the role of eRNA in regulating gene expression.,Mathematical biosciences and engineering : MBE,2021,"Heli Tan, Tuoqi Liu, Tianshou Zhou",10.3934/mbe.2022098,"eRNAs as the products of enhancers can regulate gene expression via various possible ways, but which regulation way is more reasonable is debatable in biology, and in particular, how eRNAs impact gene expression remains unclear. Here we introduce a mechanistic model of gene expression to address these issues. This model considers three possible regulation ways of eRNA: Type-I by which eRNA regulates transcriptional activity by facilitating the formation of enhancer-promoter (E-P) loop, Type-II by which eRNA directly promotes the mRNA production rate, and mixed regulation (i.e., the combination of Type-I and Type-II). We show that with the increase of the E-P loop length, mRNA distribution can transition from unimodality to bimodality or vice versa in all the three regulation cases. However, in contrast to the other two regulations, Type-II regulation can lead to the highest mean mRNA level and the lowest mRNA noise, independent of the E-P loop length. These results would not only reveal the essential mechanism of how eRNA regulates gene expression, but also imply a new mechanism for phenotypic switching, namely the E-P loop can induce phenotypic switching.",https://pubmed.ncbi.nlm.nih.gov/35135243/,out_of_scope,,,,
B0011,doi:10.3390/biology14091191,41007336,"Threats of Climate Change to Freshwater Ecosystems in Pakistan: eDNA Monitoring Will Be the Next-Generation Tool Used in Biodiversity, Conservation, and Management.",Biology,2025,"Ghazanfer Ali, Sidra Abbas, Satoshi Nagai, Norhafiza Mohd Arshad, Subha Bhassu",10.3390/biology14091191,"Freshwater ecosystems are a significant entity that govern the livelihood of people and are an important source of food, employment, and recreation. However, climate change is impacting freshwater ecosystems by altering their natural habitats. The purpose of this review is to highlight the vulnerability of freshwater fish to climate change. Climate change is invariably affecting natural ecosystems everywhere and in every part of the world, but these threats are more severe in Pakistan. Freshwater fish are important biotic drivers of freshwater ecosystems. Unfortunately, uncertain climate changes and anthropogenic activities have led to a decline in the diversity of these fishes. Rising temperatures, melting glaciers, changes in seasonal patterns, disturbances in the natural flow of rivers, pollution, and invasive species are major threats to native freshwater fish fauna, leading to a decline in fish diversity and population. Tor putitora, Glyptothorax kashmirensis, and Triplophysa kashmirensis are some of the species that are critically endangered in Pakistan due to these factors. In recent decades, insufficient attention has been paid to the freshwater ecosystem. This review of threats to the endemic fish species in this region is presented so that the government and policymakers can use this information as part of their management and conservation policy, thus safeguarding Pakistan's fish industry. Environmental DNA (eDNA) biomonitoring is a new technique for assessing biodiversity and species distribution and can be useful for conserving biodiversity in this region. Another purpose of this review is to introduce this new conservation strategy to Pakistan.",https://pubmed.ncbi.nlm.nih.gov/41007336/,in_scope,,,,
B0012,doi:10.1002/ece3.71031,39991452,Significant Progress in the Study of African Freshwater Snails Over the Past 260 Years.,Ecology and evolution,2025,"Matabaro Ziganira, Colleen T Downs",10.1002/ece3.71031,"Globally, freshwater ecosystems are threatened. Research progress concerning African freshwater snails was reviewed using a systematic review process. Since 1757, the number of publications produced has increased, particularly in the last decade. In the first 50 years (1757-1800), 0.1% of publications on freshwater snails in Africa were conducted, followed by 0% (1801-1850), 3.3% (1851-1900), 3.5% (1901-1950) and 48.7% (1951-2000). The last 23 years (2001-2024) exhibited a large increase (44.3%) in publications of the total conducted. Studies on freshwater snails varied in number across the 10 major African water basins, with the majority of studies in the Nile (21.7%), followed by the Congo Basin (17.6%) and Niger (12.4%). The Orange Basin and Lake Tanganyika also received a high number of studies (10.9%) and (7.2%), respectively. Most freshwater snail study objectives related to conservation and taxonomy (70%), followed by disease vector (20.5%), with genetics/genomic/DNA barcoding/eDNA receiving significant focus as well (5.2%). Studies focusing on geology and palaeontology (2.5%), followed by climate change (1.5%) and machine learning (0.4%). The modern phase in the study of African freshwater snails came around the early 20th century with the discovery of Bulinus truncatus and Biomphalaria alexandrina as intermediate hosts for the parasites causing human schistosomiasis. African freshwater malacology has since then benefited from African and overseas malacologists based at universities and medical laboratories across Africa and overseas. In addition to taxonomic studies, there was a steady rise in contributions relating to ecology, disease vectors, palaeontology and genetics. These contributed knowledge on local endemism and speciation, invasive species, species origins and distribution across African water basins, as well as the spread of infectious diseases and impacts of climate change. In the last decade, there have been shifts in methods with the application of DNA barcoding, genomics, environmental DNA and, most recently, machine learning approaches.",https://pubmed.ncbi.nlm.nih.gov/39991452/,out_of_scope,,,,
B0013,doi:10.1016/j.envpol.2020.115580,33254665,Sertraline inhibits top-down forces (predation) in microbial food web and promotes nitrification in sediment.,"Environmental pollution (Barking, Essex : 1987)",2020,"Yi Li, Yuanyuan Miao, Wenlong Zhang, Nan Yang, Lihua Niu, Huanjun Zhang, Longfei Wang",10.1016/j.envpol.2020.115580,"Sertraline is a widely used antidepressant that becomes an aquatic pollutant through metabolic excretion and improper disposal. Determining the impact of sertraline on benthic microbial ecosystems is important for the transformation of river biogenic elements. However, the molecular initiating event induced by sertraline is more readily observed at higher levels, such as the individual or population level of larger organisms, and the effect is not pronounced in benthic organisms, which are directly involved in nitrogen transformation. Therefore, this study used DNA metabarcoding to analyze the effect of sertraline on the microbial ecosystem and material cycles in river sediment through the lens of a microbial food web. The presence of sertraline in the river sediment enhanced the mineralization capacity of nitrogen and increased the accumulation of nitrate in the sediment. Sertraline affected the structure of the microbial food web by stimulating different successions of bacteria and eukaryotes. A structural equation model revealed that sertraline affected the microbial food web model through top-down forces (predation) by reducing the trophic transfer efficiency from metazoans to protozoans. This effect resulted in decreases in the trophic transfer efficiency from protozoans to bacteria and increases in nitrogen mineralization capacity. This was followed by a gradual increase in the nitrification reaction under the action of nitrifying bacteria, increasing the threat to the ecological health of rivers. The results show that sertraline affects the material cycle of river ecosystems and emphasizes that the assessment of the ecological risks of sertraline needs to be considered from the perspective of the material cycle of ecosystems.",https://pubmed.ncbi.nlm.nih.gov/33254665/,out_of_scope,,,,
B0014,doi:10.1371/journal.pone.0219244,31265475,Traditional trapping methods outperform eDNA sampling for introduced semi-aquatic snakes.,PloS one,2019,"Jonathan P Rose, Cara Wademan, Suzanne Weir, John S Wood, Brian D Todd",10.1371/journal.pone.0219244,"Given limited resources for managing invasive species, traditional survey methods may not be feasible to implement at a regional scale. Environmental DNA (eDNA) sampling has proven to be an effective method for detecting some invasive species, but comparisons between the detection probability of eDNA and traditional survey methods using modern occupancy modeling methods are rare. We developed a qPCR assay to detect two species of watersnake (Nerodia fasciata and Nerodia sipedon) introduced to California, USA, and we compared the efficacy of eDNA and aquatic trapping. We tested 3-9 water samples each from 30 sites near the known range of N. fasciata, and 61 sites near the known range of N. sipedon. We also deployed aquatic funnel traps at a subset of sites for each species. We detected N. fasciata eDNA in three of nine water samples from just one site, but captured N. fasciata in traps at three of ten sites. We detected N. sipedon eDNA in five of six water samples from one site, which was also the only site of nine at which this species was captured in traps. Traditional trapping surveys had a higher probability of detecting watersnakes than eDNA surveys, and both survey methods had higher detection probability for N. sipedon than N. fasciata. Occupancy models that integrated both trapping and eDNA surveys estimated that 5 sites (95% Credible Interval: 4-10) of 91 were occupied by watersnakes (both species combined), although snakes were only detected at four sites (three for N. fasciata, one for N. sipedon). Our study shows that despite the many successes of eDNA surveys, traditional sampling methods can have higher detection probability for some species. We recommend those tasked with managing species invasions explicitly compare eDNA and traditional survey methods in an occupancy framework to inform their choice of the best method for detecting nascent populations.",https://pubmed.ncbi.nlm.nih.gov/31265475/,in_scope,,,,
B0015,doi:10.3390/biology15030285,41677756,Fine-Grained Assignment of Unknown Marine eDNA Sequences Using Neural Networks.,Biology,2026,"Sébastien Villon, Morgan Mangeas, Véronique Berteaux-Lecellier, Laurent Vigliola, Gaël Lecellier",10.3390/biology15030285,"Environmental DNA (eDNA) metabarcoding is an innovative tool that is transforming ecological research. It offers a simple and effective method for simultaneously detecting numerous species across a wide range of environments. The method relies on assigning DNA sequences sampled from the environment to taxa, which is straightforward for species that have already been sequenced and are represented in reference databases. However, existing bioinformatics tools often fail to deliver accurate, fine-grained assignments when target species are absent from these databases. This limitation arises from handcrafted classification thresholds that do not account for nucleotide positional information. Here, we propose a deep neural architecture specifically designed to exploit both nucleotide identity and positional patterns in short TELEO sequences. Using an in-silico validation framework based on NCBI genbank sequences, we compare our approach with several state-of-the-art bioinformatics tools (Obitools, Kraken2, Lolo), as well as alternative sequence embedding methods, under controlled conditions. Our approach yields significantly higher classification accuracy at the genus and family levels, achieving average accuracies of 94.7% at the genus level and 86.5% at the family level, substantially outperforming the tested reference-based pipelines. The method remains robust with limited training data and shows improved performance when nucleotide positional information is preserved through sequence alignment. These results demonstrate the potential of AI-powered eDNA metabarcoding to complement existing taxonomic assignment tools, particularly in contexts where reference databases are incomplete or species-level resolution is not achievable, thereby supporting biodiversity monitoring and ecosystem management.",https://pubmed.ncbi.nlm.nih.gov/41677756/,in_scope,,,,
B0016,doi:10.1002/elps.202300228,38419135,Emerging use of air eDNA and its application to forensic investigations - A review.,Electrophoresis,2024,"Mariya Goray, Duncan Taylor, Emily Bibbo, Chiara Fantinato, Ane Elida Fonneløp, Peter Gill, Roland A H van Oorschot",10.1002/elps.202300228,"Biological material is routinely collected at crime scenes and from exhibits and is a key type of evidence during criminal investigations. Improvements in DNA technologies allow collection and profiling of trace samples, comprised of few cells, significantly expanding the types of exhibits targeted for DNA analysis to include touched surfaces. However, success rates from trace and touch DNA samples tend to be poorer compared to other biological materials such as blood. Simultaneously, there have been recent advances in the utility of environmental DNA collection (eDNA) in identification and tracking of different biological organisms and species from bacteria to naked mole rats in different environments, including, soil, ice, snow, air and aquatic. This paper examines the emerging methods and research into eDNA collection, with a special emphasis on the potential forensic applications of human DNA collection from air including challenges and further studies required to progress implementation.",https://pubmed.ncbi.nlm.nih.gov/38419135/,in_scope,,,,
B0017,doi:10.14202/vetworld.2024.2267-2285,39619925,Fish diversity assessment through conventional morphological identification and recent advances in Saudi Arabia: A review.,Veterinary world,2024,"Muhammad Browijoyo Santanumurti, Muhammad Ar Rozzaaq Nugraha, Novi Rosmala Dewi, Muhammad Awaluddin, Pei Wen Tang, Helen Indah Pardede, Lafi Al Solami, Laksmi Sulmartiwi, Mohamed Ahmed Abu El-Regal",10.14202/vetworld.2024.2267-2285,"Fish identification in the Red Sea, particularly in Saudi Arabia, has a long history. Because of the vast fish diversity in Saudi Arabia, proper species identification is required. Indeed, identifying fish species is critical for biodiversity conservation, food and drug safety, and sustainable fishery management. Numerous approaches have been used to identify fish species, including conventional morphological identification, next-generation sequencing (NGS), nanopore sequencing, DNA barcoding, and environmental DNA analysis. In this review, we collected as much scientific information as possible on species identification in Saudi Arabia. Our findings suggest that the identification process has advanced and spread rapidly and broadly, as evidenced by the discovery of new fish species in Saudi Arabia. The advantages and disadvantages of each method were discussed as part of a comprehensive comparison. This study aimed to provide further scientific knowledge to promote the growth of fish diversity worldwide.",https://pubmed.ncbi.nlm.nih.gov/39619925/,unsure,,,,
B0018,doi:10.1186/s13104-023-06669-5,38111014,On a roll: a direct comparison of extraction methods for the recovery of eDNA from roller swabbing of surfaces.,BMC research notes,2023,"Austin M Guthrie, Paul Nevill, Christine E Cooper, Philip W Bateman, Mieke van der Heyde",10.1186/s13104-023-06669-5,"Roller swabbing of surfaces is an effective way to obtain environmental DNA, but the current DNA extraction method for these samples is equipment heavy, time consuming, and increases potential contamination through multiple handling. Here, we used rollers to swab a dog kennel and compared three DNA extraction approaches (water filtration, roller trimming and direct buffer) using two different platforms (Qiacube, Kingfisher). DNA extraction methods were evaluated based on cost, effort, DNA concentration and PCR result. The roller trim method emerged as the optimal method with the best PCR results, DNA concentration and cost efficiency, while the buffer-based methods were the least labour intensive but produced mediocre PCR results and DNA concentrations. Additionally, the Kingfisher magnetic bead extractions generally ranked higher in all categories over the Qiacube column-based DNA extractions. Ultimately, the ideal DNA extraction method for a particular study is influenced by logistical constraints in the field such as the size of the roller, the availability of cold storage, and time constraints on the project. Our results demonstrate the strengths and weaknesses of each approach, allowing for informed decision making by researchers.",https://pubmed.ncbi.nlm.nih.gov/38111014/,in_scope,,,,
B0019,doi:10.1016/j.envpol.2024.124076,38685556,Current status of microbial source tracking applications in constructed wetlands serving as nature-based solutions for water management and wastewater treatment.,"Environmental pollution (Barking, Essex : 1987)",2024,"Adam M Paruch, Lisa Paruch",10.1016/j.envpol.2024.124076,"Microbial source tracking (MST) has been recognised as an effective tool for determining the origins and sources of faecal contamination in various terrestrial and aquatic ecosystems. Thus, it has been widely applied in environmental DNA (eDNA) surveys to define specific animal- and human-associated faecal eDNA. In this context, identification of and differentiation between anthropogenic and zoogenic faecal pollution origins and sources are pivotal for the evaluation of waterborne microbial contamination transport and the associated human, animal, and environmental health risks. These concerns are particularly pertinent to diverse nature-based solutions (NBS) that are being applied specifically to secure water safety and human and ecosystem well-being, for example, constructed wetlands (CWs) for water and wastewater treatment. The research in this area has undergone a constant evolution, and there is a solid foundation of publications available across the world. Hence, there is an early opportunity to synthesise valuable information and relevant knowledge on this specific topic, which will greatly benefit future work by improving NBS design and performance. By selecting 15 representative research reports published over 20 years, we review the current state of MST technology applied for faecal-associated contamination measures in NBS/CWs throughout the world.",https://pubmed.ncbi.nlm.nih.gov/38685556/,in_scope,,,,
B0020,doi:10.1002/edn3.70089,,"Combining eDNA Metabarcoding, Hydrology‐Based Modeling and Camera Trap Datasets to Assess the Potential of River eDNA in Monitoring Terrestrial Mammals",Environmental DNA,2025,"Monika Goralczyk, Arnaud Lyet, Robin Naidoo, Cole Burton, Loïc Pellissier, Luca Carraro",10.1002/edn3.70089,"Global efforts aimed at safeguarding and restoring biodiversity require methods to monitor progress towards conservation objectives. Such methods should provide a systematic and robust assessment of biodiversity for the lowest cost. River environmental DNA (eDNA) metabarcoding has been successfully applied to measure biodiversity in dendritic riverine habitats and is increasingly used to describe communities of terrestrial vertebrates in ecosystems that are challenging to survey using traditional methods. However, interpreting eDNA surveys in riverine habitats requires an understanding of the influence of eDNA transport, decay, and production on the distribution of eDNA. To this end, the hydrology‐based eDITH (eDNA Integrating Transport and Hydrology) model incorporates such factors and can recover reliable spatial biodiversity patterns for aquatic taxa, but its potential to successfully model terrestrial taxa is so far unexplored. Here, we applied eDITH to eDNA metabarcoding data for terrestrial mammals collected over two mountainous catchments (575 and 745 km2) in British Columbia, Canada. We assessed prediction transferability between neighboring catchments and compared model predictions with observations from camera trapping. We found that for 9 out of 15 taxa detected by both eDNA and camera traps, predicted distributions predominantly matched observations from camera trap surveys, illustrating that eDITH can uncover patterns of mammal distribution in mountainous catchments. While lacking knowledge of actual taxon density prevents us from determining whether discrepancies stem from data limitations or complex eDNA production‐density relationships, good transferability of predictions to the neighboring catchments suggests that eDNA distribution of some terrestrial and semi‐aquatic mammals is partly determined by habitat preference and hydrology. Downstream sampling can recover most biodiversity across the catchment, but the inclusion of upstream samples can aid in detecting elusive species. This study underscores the broader applications of river eDNA beyond aquatic species and illustrates its potential use in addressing terrestrial mammal biodiversity monitoring objectives with tailored sampling approaches.",https://doi.org/10.1002/edn3.70089,in_scope,,,,
B0021,doi:10.1371/journal.pone.0245314,34086697,Short-lived detection of an introduced vertebrate eDNA signal in a nearshore rocky reef environment.,PloS one,2021,"Taylor Ely, Paul H Barber, Lauren Man, Zachary Gold",10.1371/journal.pone.0245314,"Environmental DNA (eDNA) is increasingly used to measure biodiversity of marine ecosystems, yet key aspects of the temporal dynamics of eDNA remain unknown. Of particular interest is in situ persistence of eDNA signals in dynamic marine environments, as eDNA degradation rates have predominantly been quantified through mesocosm studies. To determine in situ eDNA residence times, we introduced an eDNA signal from a non-native fish into a protected bay of a Southern California rocky reef ecosystem, and then measured changes in both introduced and background eDNA signals across a fixed transect over 96 hours. Foreign eDNA signal was no longer detected only 7.5 hours after introduction, a time substantially shorter than the multi-day persistence times in laboratory studies. Moreover, the foreign eDNA signal spread along the entire 38 m transect within 1.5 hours after introduction, indicating that transport and diffusion play a role in eDNA detectability even in protected low energy marine environments. Similarly, native vertebrate eDNA signals varied greatly over the 96 hours of observation as well as within two additional nearby fixed transects sampled over 120 hours. While community structure did significantly change across time of day and tidal direction, neither accounted for the majority of observed variation. Combined, results show that both foreign and native eDNA signatures can exhibit substantial temporal heterogeneity, even on hourly time scales. Further work exploring eDNA decay from lagrangian perspective and quantifying effects of sample and technical replication are needed to better understand temporal variation of eDNA signatures in nearshore marine environments.",https://pubmed.ncbi.nlm.nih.gov/34086697/,in_scope,,,,
B0022,doi:10.3390/ani13061002,36978544,Advancing DNA Barcoding to Elucidate Elasmobranch Biodiversity in Malaysian Waters.,Animals : an open access journal from MDPI,2023,"Kar-Hoe Loh, Kean-Chong Lim, Amy Yee-Hui Then, Serena Adam, Amanda Jhu-Xhin Leung, Wenjia Hu, Chui Wei Bong, Aijun Wang, Ahemad Sade, Jamil Musel, Jianguo Du",10.3390/ani13061002,"The data provided in this article are partial fragments of the Cytochrome c oxidase subunit 1 mitochondrial gene (CO1) sequences of 175 tissues sampled from sharks and batoids collected from Malaysian waters, from June 2015 to June 2022. The barcoding was done randomly for six specimens from each species, so as to authenticate the code. We generated barcodes for 67 different species in 20 families and 11 orders. DNA was extracted from the tissue samples following the Chelex protocols and amplified by polymerase chain reaction (PCR) using the barcoding universal primers FishF2 and FishR2. A total of 654 base pairs (bp) of barcode CO1 gene from 175 samples were sequenced and analysed. The genetic sequences were blasted into the NCBI GenBank and Barcode of Life Data System (BOLD). A review of the blast search confirmed that there were 68 valid species of sharks and batoids that occurred in Malaysian waters. We provided the data of the COI gene mid-point rooting phylogenetic relation trees and analysed the genetic distances among infra-class and order, intra-species, inter-specific, inter-genus, inter-familiar, and inter-order. We confirmed the addition of Squalus edmundsi, Carcharhinus amboinensis, Alopias superciliosus, and Myliobatis hamlyni as new records for Malaysia. The establishment of a comprehensive CO1 database for sharks and batoids will help facilitate the rapid monitoring and assessment of elasmobranch fisheries using environmental DNA methods.",https://pubmed.ncbi.nlm.nih.gov/36978544/,out_of_scope,,,,
B0023,doi:10.1080/14634988.2019.1682912,33364913,How to learn to stop worrying and love environmental DNA monitoring.,Aquatic ecosystem health & management,2020,John A Darling,10.1080/14634988.2019.1682912,"Environmental DNA is one of the most promising new tools in the aquatic biodiversity monitoring toolkit, with particular appeal for applications requiring assessment of target taxa at very low population densities. And yet there persists considerable anxiety within the management community regarding the appropriateness of environmental DNA monitoring for certain tasks and the degree to which environmental DNA methods can deliver information relevant to management needs. This brief perspective piece is an attempt to address that anxiety by offering some advice on how end-users might best approach these new technologies. I do not here review recent developments in environmental DNA science, but rather I explore ways in which managers and decision-makers might become more comfortable adopting environmental DNA tools-or choosing not to adopt them, should circumstances so dictate. I attempt to contextualize the central challenges associated with acceptance of environmental DNA detection by contrasting them with traditional ""catch-and-look"" approaches to biodiversity monitoring. These considerations lead me to recommend the cultivation of four ""virtues,"" attitudes that can be brought into engagement with environmental DNA surveillance technologies that I hope will increase the likelihood that those engagements will be positive and that the future development and application of environmental DNA tools will further the cause of wise management.",https://pubmed.ncbi.nlm.nih.gov/33364913/,in_scope,,,,
B0024,doi:10.1016/j.scitotenv.2022.158430,36055484,Environmental specimen banks and the European Green Deal.,The Science of the total environment,2022,"Annette Fliedner, Heinz Rüdel, Bernd Göckener, Henrik Krehenwinkel, Martin Paulus, Jan Koschorreck",10.1016/j.scitotenv.2022.158430,"The study highlights the potential of Environmental Specimen Banks (ESBs) for implementing the Zero Pollution Ambition and the Biodiversity Strategy of the European Green Deal. By drawing on recent monitoring studies of European ESBs, we illustrate the role ESBs already play in assessing the state of ecosystems in Europe and how they help to make developments over time visible. The studies reveal the ubiquitous presence of per- and polyfluoroalkyl substances, halogenated flame retardants, chlorinated paraffins, plasticizers, cyclic volatile methyl siloxanes, UV-filters, pharmaceuticals, and microplastics in the European environment. Temporal trends demonstrate the effectiveness of European regulations on perfluorooctane sulfonic acid, pentabrominated diphenylethers and diethylhexyl phthalate, but also point to the rise of substitutes such as non-phthalate plasticizers and short-chain perfluoroalkyl substances. Other studies are wake-up calls indicating the emergence of currently unregulated compounds such as long-chain chlorinated paraffins. Ecological studies show temporal trends in biometric parameters and stable isotope signatures that suggest long-term changes in environmental conditions. Studies on biodiversity of ecosystems using environmental DNA are still in their beginnings, but here too there is evidence of shifts in community composition that can be linked to changing environmental conditions. This review demonstrates the value of ESBs (a) for describing the status of the environment, (b) for monitoring temporal changes in environmental pollution and the ecologic condition of ecosystems and thereby (c) for supporting regulators in prioritizing their actions towards the objectives of the Green Deal.",https://pubmed.ncbi.nlm.nih.gov/36055484/,out_of_scope,,,,
B0025,doi:10.1111/1755-0998.12376,25619406,Assessing the utility of whole genome amplified DNA for next-generation molecular ecology.,Molecular ecology resources,2015,"Christopher Blair, C Ryan Campbell, Anne D Yoder",10.1111/1755-0998.12376,"DNA quantity can be a hindrance in ecological and evolutionary research programmes due to a range of factors including endangered status of target organisms, available tissue type, and the impact of field conditions on preservation methods. A potential solution to low-quantity DNA lies in whole genome amplification (WGA) techniques that can substantially increase DNA yield. To date, few studies have rigorously examined sequence bias that might result from WGA and next-generation sequencing of nonmodel taxa. To address this knowledge deficit, we use multiple displacement amplification (MDA) and double-digest RAD sequencing on the grey mouse lemur (Microcebus murinus) to quantify bias in genome coverage and SNP calls when compared to raw genomic DNA (gDNA). We focus our efforts in providing baseline estimates of potential bias by following manufacturer's recommendations for starting DNA quantities (>100 ng). Our results are strongly suggestive that MDA enrichment does not introduce systematic bias to genome characterization. SNP calling between samples when genotyping both de-novo and with a reference genome are highly congruent (>98%) when specifying a minimum threshold of 20X stack depth to call genotypes. Relative genome coverage is also similar between MDA and gDNA, and allelic dropout is not observed. SNP concordance varies based on coverage threshold, with 95% concordance reached at ~12X coverage genotyping de-novo and ~7X coverage genotyping with the reference genome. These results suggest that MDA may be a suitable solution for next-generation molecular ecological studies when DNA quantity would otherwise be a limiting factor.",https://pubmed.ncbi.nlm.nih.gov/25619406/,out_of_scope,,,,
B0026,doi:10.1016/j.scitotenv.2019.134704,31726353,eDNA metabarcoding as a promising conservation tool for monitoring fish diversity in a coastal wetland of the Pearl River Estuary compared to bottom trawling.,The Science of the total environment,2019,"Keshu Zou, Jianwei Chen, Huiting Ruan, Zhenhai Li, Wenjie Guo, Min Li, Li Liu",10.1016/j.scitotenv.2019.134704,"The difficulty of censusing fish diversity hampers effective management and conservation in estuarine and coastal ecosystems, especially wetland ecosystems. Improved noninvasive fish diversity monitoring programs are becoming increasingly crucial for coastal ecosystems. In this study, we investigated fish diversity and its seasonal variation in the Nansha wetland ecosystem using environmental DNA (eDNA) metabarcoding and bottom trawling, and the two approaches were compared. With the combination of the two methods, the identified fish taxa included 78 species within 60 genera and 33 families, and five nontarget taxa were only identified by eDNA metabarcoding. Compared to the two surveys, eDNA metabarcoding identified a significantly greater number of fish species per site and per season than bottom trawling (p < 0.05), with eDNA metabarcoding identifying 32.05% more fish species than bottom trawling. The overwhelming majority of the fish orders captured in the Nansha coastal wetland by bottom trawling were recovered from eDNA analysis, although certain taxa were not sampled due to limitations. Furthermore, the Whittaker index and relative abundance analysis of the two methods showed distinct differences between the sampling seasons, suggesting seasonal variations and reflecting the current or recent existence of fish species in the coastal ecosystem. Thus, our work provides more detailed seasonal data on biodiversity in the Nansha wetland of the Pearl River Estuary, which is essential for the long-term management and conservation of coastal biodiversity. Our study also adds to the evidence that the eDNA metabarcoding approach can be used in coastal environments to monitor a broad range of taxa and reflect seasonal fluctuations in fish diversity. As an emerging and transformative method, eDNA metabarcoding shows great potential for fish diversity monitoring in coastal wetland ecosystems.",https://pubmed.ncbi.nlm.nih.gov/31726353/,in_scope,,,,
B0027,doi:10.1007/s11756-023-01430-6,37363645,"Detection of BK and JC polyomaviruses in sewage water of the urban areas of Lahore, Pakistan.",Biologia,2023,"Rabia Ijaz, Naveed Shahzad, Muhammad Farhan Ul Haque",10.1007/s11756-023-01430-6,"The surveillance of sewage water has become an extremely essential tool to trace the circulation of viruses in a population and to predict the outbreak of viral diseases. Sewage monitoring is important for those viruses which cause subclinical infections since it is difficult to determine their prevalence. Polyomaviruses are ubiquitously present, circular double-stranded DNA viruses that can infect humans as well. Among all human polyomaviruses, BK polyomavirus and JC polyomavirus associated with the development of aggressive diseases in immunocompromised individuals, are highly prevalent. This study aimed to investigate the presence and the quantitative prevalence of these two disease-associated human polyomaviruses in sewage water collected from six drains of Lahore, Pakistan. The viruses present in the environmental samples were concentrated by PEG method before isolating viral nucleic acids. Conventional PCR amplifications were performed for molecular detection of BK polyomavirus and JC polyomavirus targeting their large tumor antigen genetic region. The presence of BK polyomavirus and JC polyomavirus was confirmed in the DNA extracted from concentrated sewage samples of each drain by performing both qualitative and quantitative PCR. Our data shows that the viral load ranged from 1278 to 178368 copies per µg of environmental DNA for BK polyomavirus and 5173 to 79129 copies per µg of environmental DNA for JC polyomavirus. In conclusion, here we report first time the detection of BK polyomavirus and JC polyomavirus in sewage water collected from six main drains in urban areas of Lahore, Pakistan showing the high prevalence of these viruses in the Pakistani population. This assay could be used as a proxy to determine the prevalence of these viruses in the Pakistani population.",https://pubmed.ncbi.nlm.nih.gov/37363645/,in_scope,,,,
B0028,doi:10.1289/ehp.1206316,,Human Health Risk Assessment (HHRA) for Environmental Development and Transfer of Antibiotic Resistance,Environmental Health Perspectives,2013,"Nicholas J. Ashbolt, Alejandro Amézquita, Thomas Backhaus, Peter Borriello, Kristian K. Brandt, Peter Collignon, Anja Coors, Rita Finley, William H. Gaze, Thomas Heberer, John R. Lawrence, D. G. Joakim Larsson, Scott A. McEwen, James J. Ryan, Jens Schönfeld, P. Silley, Jason Snape, Christel Van den Eede, Edward Topp",10.1289/ehp.1206316,"We propose that environmental aspects of antibiotic-resistance development be included in the processes of any HHRA addressing ARB. Because of limited available data, a multicriteria decision analysis approach would be a useful way to undertake an HHRA of environmental antibiotic resistance that informs risk managers.",https://openalex.org/W2063107371,out_of_scope,,,,
B0029,doi:10.1007/s12686-023-01321-7,,Environmental DNA (eDNA) assays for the detection of Ridgway’s rail (Rallus obsoletus) in the United States,Conservation Genetics Resources,2023,"Xin Guan, Richard F. Lance, Sheena M. Feist",10.1007/s12686-023-01321-7,"We designed two novel environmental DNA (eDNA) assays for the detection of Ridgway’s Rail ( Rallus obsoletus ), and successfully validated each assay using eDNA samples collected from the species’ known distribution within the United States. These assays add to the suite of tools available for the monitoring of this rare and secretive marsh bird, and may help to further elucidate its movement patterns as well as identify important migration corridors. Observed sensitivity of the assays indicates exceptional performance, with limits of detection at ≤ 8 copies of the target eDNA fragment per reaction. Our publication adds to the growing body of literature supporting eDNA surveys as viable tools for bird monitoring endeavors.",https://doi.org/10.1007/s12686-023-01321-7,in_scope,,,,
B0030,doi:10.1002/edn3.549,,Streamside detection of Chinook salmon (Oncorhynchus tshawytscha) environmental DNA with CRISPR technology,Environmental DNA,2024,"Tholen Blasko, Michael Phelps",10.1002/edn3.549,"There is a rapidly growing interest by resource managers to utilize environmental DNA technology (eDNA) as a tool to enhance current management efforts. However, the technology remains relatively specialized, since it requires specific expertise and equipment to perform. To begin to overcome some of the obstacles restricting the widespread, routine adoption of eDNA technology, we evaluated the use of CRISPR Cas12a detection technology for in‐the‐field eDNA detection using Chinook salmon (Oncorhynchus tshawytscha) as a target species. By targeting a highly variable region in the salmonid mitochondrial DNA D‐loop, we were able to demonstrate that CRISPR Cas12a detection technology is both sensitive and specific for Chinook salmon eDNA. Engineering of the technology to work in the field was accomplished by employing rapid eDNA purification and visual readout of results using visual lateral flow or fluorescent detection methods. The technology was piloted on the fall Chinook salmon run in the Snake River of Washington State, USA, and proved to be a viable approach for streamside eDNA monitoring. With the improvement of the technology, CRISPR eDNA detection methods hold great promise in expanding the reach of eDNA as a commonly used resource management tool.",https://doi.org/10.1002/edn3.549,in_scope,,,,
B0031,doi:10.1002/ece3.70627,39588347,Comparison Between Environmental DNA Metabarcoding and Traditional Survey Method to Identify Community Composition and Assembly of Stream Fish.,Ecology and evolution,2024,"Ziyu Liu, Cong Hu, Wenhui You, Shuxin Li, Yongsheng Wu, Yangyang Liang, Ling Chu, Yunzhi Yan, Chen Zhang",10.1002/ece3.70627,"Environmental DNA (eDNA) metabarcoding has been widely used in freshwater systems, contributing to the advancements in the monitoring of fish diversity and community species composition. Nevertheless, the accuracy and reliability of eDNA metabarcoding in assessing functional structures and revealing the mechanisms underlying fish community assembly remain unclear. In this study, we combined a traditional survey method (electrofishing) and eDNA metabarcoding to conduct fish stock monitoring in the upper reaches of the Huishui stream. We assessed taxonomic and functional structures, as well as community assembly mechanisms, during dry and wet seasons. The results revealed that, compared with electrofishing surveys, eDNA metabarcoding detected a greater number of species and higher functional richness in both seasons. Despite significant differences in fish taxonomic composition between the seasons, both eDNA and traditional methods indicated that environmental filtering dominated the process of fish community assembly in both dry and wet seasons. We showed that eDNA metabarcoding is comparable to the electrofishing method in monitoring the community composition of stream fish and can accurately and reliably determine fish community assembly mechanisms. Combining functional traits and eDNA is a robust approach for monitoring stream fish community compared to taxonomic uncertainty.",https://pubmed.ncbi.nlm.nih.gov/39588347/,in_scope,,,,
B0032,doi:10.1139/gen-2018-0071,30312548,Challenges for assessing vertebrate diversity in turbid Saharan water-bodies using environmental DNA.,Genome,2018,"Bastian Egeter, Sara Peixoto, José C Brito, Simon Jarman, Pamela Puppo, Guillermo Velo-Antón",10.1139/gen-2018-0071,"The Sahara desert is the largest warm desert in the world and a poorly explored area. Small water-bodies occur across the desert and are crucial habitats for vertebrate biodiversity. Environmental DNA (eDNA) is a powerful tool for species detection and is being increasingly used to conduct biodiversity assessments. However, there are a number of difficulties with sampling eDNA from such turbid water-bodies and it is often not feasible to rely on electrical tools in remote desert environments. We trialled a manually powered filtering method in Mauritania, using pre-filtration to circumvent problems posed by turbid water in remote arid areas. From nine vertebrate species expected in the water-bodies, four were detected visually, two via metabarcoding, and one via both methods. Difficulties filtering turbid water led to severe constraints, limiting the sampling protocol to only one sampling point per study site, which alone may largely explain why many of the expected vertebrate species were not detected. The amplification of human DNA using general vertebrate primers is also likely to have contributed to the low number of taxa identified. Here we highlight a number of challenges that need to be overcome to successfully conduct metabarcoding eDNA studies for vertebrates in desert environments in Africa.",https://pubmed.ncbi.nlm.nih.gov/30312548/,in_scope,,,,
B0033,doi:10.3390/fishes8110550,,"Metabarcoding by Combining Environmental DNA with Environmental RNA to Monitor Fish Species in the Han River, Korea",Fishes,2023,"Hyung-Eun An, Min-Ho Mun, Chang-Bae Kim",10.3390/fishes8110550,"Fishes are ecologically important organisms that have long lifespans, high mobilities, and diverse trophic levels. Due to their importance, fishes are used as bioindicators for monitoring aquatic environments. One method for monitoring fishes is based on environmental DNA (eDNA), which are the deoxynucleic acids released by organisms into the environment. However, there has been a problem with false positives because eDNA is relatively stable in the environment and could even likely represent dead or non-inhabiting organisms. To address this weakness, environmental RNA (eRNA), which degrades more rapidly than eDNA in the environment, can be utilized to complement eDNA. But, to date, few studies have used eRNA for freshwater fish monitoring. In this study, to determine the relative usefulness of eDNA and eRNA metabarcoding in freshwater fishes, we performed eDNA and eRNA metabarcoding on 12S rRNA targeting fish using water samples that were collected from three locations in the Han River. We then calculated the sensitivity and positive predictivity of this approach by comparing our data to the previous specimen capture survey (PSCS) data from the last six years. The results showed that 42 species were detected by eDNA and 19 by eRNA at the three locations. At all locations, compared to the PSCS data, the average sensitivity was higher for eDNA (46.1%) than for eRNA (34.6%), and the average positive predictivity was higher for eRNA (31.7%) than for eDNA (20.7%). This confirmed that eDNA metabarcoding has the advantage of broadly determining species presence or absence (including those that are no longer present or dead), but it also generates false positives; meanwhile, eRNA metabarcoding reports living fish species, but detects fewer species than eDNA. Combining eDNA and eRNA therefore emphasizes their advantages and compensates for their disadvantages, and conducting this may therefore be useful for identifying false positives and monitoring the fish species that are actually present in the environment. This metabarcoding technique can be used in the future to provide insights into the aquatic environment and the monitoring of fisheries.",https://doi.org/10.3390/fishes8110550,in_scope,,,,
B0034,doi:10.1139/gen-2016-0100,28177833,The importance of molecular markers and primer design when characterizing biodiversity from environmental DNA.,Genome,2016,Joanna R Freeland,10.1139/gen-2016-0100,"Environmental DNA (eDNA) comprises DNA fragments that have been shed into the environment by organisms, and which can be extracted from environmental samples such as water or soil. Characterization of eDNA can allow researchers to infer the presence or absence of species from a particular site without the need to locate and identify individuals, and therefore may provide an extremely valuable tool for quantifying biodiversity. However, as is often the case with relatively new protocols, methodological challenges remain. A number of earlier reviews have discussed these challenges, but none have provided extensive treatment of the critical decisions surrounding molecular markers and primer development for use in eDNA assays. This review discusses a number of options and approaches that can be used when determining which primers and gene regions are most appropriate for either targeted species detection or metabarcoding macro-organisms from eDNA. The latter represents a new field that is growing rapidly, and which has the potential to revolutionize future assessments of community and ecosystem diversity.",https://pubmed.ncbi.nlm.nih.gov/28177833/,in_scope,,,,
B0035,doi:10.1002/edn3.372,,It's raining species: Rainwash eDNA metabarcoding as a minimally invasive method to assess tree canopy invertebrate diversity,Environmental DNA,2023,"Till‐Hendrik Macher, Robin Schütz, Thomas Hörren, Arne J. Beermann, Florian Leese",10.1002/edn3.372,"Forest canopies are highly diverse ecosystems, but despite several decades of intense research, there remain substantial gaps in our knowledge of their biodiversity and ecological interactions. One fundamental challenge in canopy research is the limited accessibility of the ecosystem. Consequently, previous studies have relied on the application of either highly invasive methods such as chemical knockdown, or on time‐consuming and expensive setups such as canopy walkways or cranes. Therefore, time‐ and cost‐efficient, ideally minimally invasive yet comprehensive applications are required to help close this knowledge gap. High‐throughput metabarcoding of environmental DNA (eDNA) collected from water, soil, or air provides a minimally invasive method for biodiversity assessment, yet its potential for canopy biodiversity monitoring has not been explored. Herein, we conducted metabarcoding of eDNA washed off the canopy via rainwater to explore its potential for biodiversity monitoring and ecological research. We placed four 1 m 2 rain samplers beneath the canopies of four different trees (beech, oak, larch, and pine) prior to a major rain event, filtered eDNA from the collected rainwater, and performed cytochrome c oxidase subunit I (COI) gene metabarcoding to profile the invertebrate community. Additionally, we collected and identified all specimens present in the rainwater to assess if eDNA only came from specimens physically present in the rainwater. We detected 50 invertebrate species by eDNA metabarcoding, of which 43 were not physically present in the water sample, thus likely representing true canopy biodiversity signals. Furthermore, we observed distinct species occurrence patterns corresponding to the four trees, suggesting that ecological patterns such as host specificity can potentially be assessed using the method. In conclusion, our study provides a proof of principle that rainwash eDNA metabarcoding offers a minimally invasive and comprehensive method for biodiversity monitoring in tree canopies.",https://doi.org/10.1002/edn3.372,in_scope,,,,
B0036,doi:10.3732/apps.1700017,28924511,Barcoded NS31/AML2 primers for sequencing of arbuscular mycorrhizal communities in environmental samples.,Applications in plant sciences,2017,"Benjamin S T Morgan, Louise M Egerton-Warburton",10.3732/apps.1700017,"Arbuscular mycorrhizal fungi (AMF) are globally important root symbioses that enhance plant growth and nutrition and influence ecosystem structure and function. To better characterize levels of AMF diversity relevant to ecosystem function, deeper sequencing depth in environmental samples is needed. In this study, Illumina barcoded primers and a bioinformatics pipeline were developed and applied to study AMF diversity and community structure in environmental samples. Libraries of small subunit ribosomal RNA fragment amplicons were amplified from environmental DNA using a single-step PCR reaction with barcoded NS31/AML2 primers. Amplicons were sequenced on an Illumina MiSeq sequencer using version 2, 2 × 250-bp paired-end chemistry, and analyzed using QIIME and RDP Classifier. Sequencing captured 196 to 6416 operational taxonomic units (OTUs; depending on clustering parameters) representing nine AMF genera. Regardless of clustering parameters, ∼20 OTUs dominated AMF communities (78-87% reads) with the remaining reads distributed among other OTUs. Analyses also showed significant biogeographic differences in AMF communities and that community composition could be linked to specific edaphic factors. Barcoded NS31/AML2 primers and Illumina MiSeq sequencing provide a powerful approach to address AMF diversity and variations in fungal assemblages across host plants, ecosystems, and responses to environmental drivers including global change.",https://pubmed.ncbi.nlm.nih.gov/28924511/,in_scope,,,,
B0037,doi:10.1039/d0cc02053b,,Telomeric DNA–RNA-hybrid G-quadruplex exists in environmental conditions of HeLa cells,Chemical Communications,2020,"Hong-Liang Bao, Yan Xu",10.1039/d0cc02053b,"In the present study, we employed a 19F NMR approach to study the association of telomere RNA and DNA in vitro and in living human cells.",https://doi.org/10.1039/d0cc02053b,out_of_scope,,,,
B0038,doi:10.1016/j.marpolbul.2025.118581,40882507,Comparison of eDNA with conventional infauna sampling when assessing pollution impacts.,Marine pollution bulletin,2025,"Lara Denis-Roy, Scott D Ling, Levente Bodrossy, Jodie van de Kamp, Graham J Edgar",10.1016/j.marpolbul.2025.118581,"Environmental DNA (eDNA) methods are increasingly used to assess marine pollution, offering a promising tool for ecosystem monitoring. However, these approaches still require validation against traditional techniques, such as sediment fauna (macrobenthos) sampling using a van Veen grab to assess the effects of marine pollutants on the benthic assemblage. Using a suite of environmental and pollutant parameters sampled across southeastern Australia, we investigated the sensitivity of three metabarcoding assays (16S rRNA, 18S rRNA, and mitochondrial COI) versus traditional but labour-intensive macrobenthos sampling for detecting potential impacts of pollutants. Both eDNA metabarcoding and macrobenthos sampling detected pollutant-associated impacts, with eDNA more sensitive to heavy metals, and macrobenthos more responsive to organic pollutants.",https://pubmed.ncbi.nlm.nih.gov/40882507/,in_scope,,,,
B0039,doi:10.1002/eap.3017,39118362,Phenological mismatches mitigate the ecological impact of a biological invader on amphibian communities.,Ecological applications : a publication of the Ecological Society of America,2024,"Teun Everts, Charlotte Van Driessche, Sabrina Neyrinck, Annelies Haegeman, Tom Ruttink, Hans Jacquemyn, Rein Brys",10.1002/eap.3017,"Horizon scans have emerged as a valuable tool to anticipate the incoming invasive alien species (IAS) by judging species on their potential impacts. However, little research has been conducted on quantifying actual impacts and assessing causes of species-specific vulnerabilities to particular IAS due to persistent methodological challenges. The underlying interspecific mechanisms driving species-specific vulnerabilities therefore remain poorly understood, even though they can substantially improve the accuracy of risk assessments. Given that interspecific interactions underlying ecological impacts of IAS are often shaped by phenological synchrony, we tested the hypothesis that temporal mismatches in breeding phenology between native species and IAS can mitigate their ecological impacts. Focusing on the invasive American bullfrog (Lithobates catesbeianus), we combined an environmental DNA (eDNA) quantitative barcoding and metabarcoding survey in Belgium with a global meta-analysis, and integrated citizen-science data on breeding phenology. We examined whether the presence of native amphibian species was negatively related to the presence or abundance of invasive bullfrogs and whether this relationship was affected by their phenological mismatches. The field study revealed a significant negative effect of increasing bullfrog eDNA concentrations on native amphibian species richness and community structure. These observations were shaped by species-specific vulnerabilities to invasive bullfrogs, with late spring- and summer-breeding species being strongly affected, while winter-breeding species remained unaffected. This trend was confirmed by the global meta-analysis. A significant negative relationship was observed between phenological mismatch and the impact of bullfrogs. Specifically, native amphibian species with breeding phenology differing by 6 weeks or less from invasive bullfrogs were more likely to be absent in the presence of bullfrogs than species whose phenology differed by more than 6 weeks with that of bullfrogs. Taken together, we present a novel method based on the combination of aqueous eDNA quantitative barcoding and metabarcoding to quantify the ecological impacts of biological invaders at the community level. We show that phenological mismatches between native and invasive species can be a strong predictor of invasion impact regardless of ecological or methodological context. Therefore, we advocate for the integration of temporal alignment between native and IAS's phenologies into invasion impact frameworks.",https://pubmed.ncbi.nlm.nih.gov/39118362/,in_scope,,,,
B0040,doi:10.1126/science.1251156,,Harnessing DNA to improve environmental management,Science,2014,"Ryan P. Kelly, Jesse A. Port, Kevan M. Yamahara, Rebecca Martone, Natalie Lowell, Philip Francis Thomsen, Megan Mach, Meredith Bennett, Erin Prahler, Margaret R. Caldwell, Larry B. Crowder",10.1126/science.1251156,Genetic monitoring can help public agencies implement environmental laws,https://openalex.org/W2051297558,unsure,,,,
B0041,doi:10.3354/dao03640,34913443,Low occurrence of ranavirus in the Prairie Pothole Region of Montana and North Dakota (USA) contrasts with prior surveys.,Diseases of aquatic organisms,2021,"Brian J Tornabene, Erica J Crespi, Bernardo A Traversari, Kenzi M Stemp, Creagh W Breuner, Caren S Goldberg, Blake R Hossack",10.3354/dao03640,"Ranaviruses are emerging pathogens that have caused mortality events in amphibians worldwide. Despite the negative effects of ranaviruses on amphibian populations, monitoring efforts are still lacking in many areas, including in the Prairie Pothole Region (PPR) of North America. Some PPR wetlands in Montana and North Dakota (USA) have been contaminated by energy-related saline wastewaters, and increased salinity has been linked to greater severity of ranavirus infections. In 2017, we tested tissues from larvae collected at 7 wetlands that ranged in salinity from 26 to 4103 mg Cl l-1. In 2019, we used environmental DNA (eDNA) to test for ranaviruses in 30 wetlands that ranged in salinity from 26 to 11754 mg Cl l-1. A previous study (2013-2014) found that ranavirus-infected amphibians were common across North Dakota, including in some wetlands near our study area. Overall, only 1 larva tested positive for ranavirus infection, and we did not detect ranavirus in any eDNA samples. There are several potential reasons why we found so little evidence of ranaviruses, including low larval sample sizes, mismatch between sampling and disease occurrence, larger pore size of our eDNA filters, temporal variation in outbreaks, low host abundance, or low occurrence or prevalence of ranaviruses in the wetlands we sampled. We suggest future monitoring efforts be conducted to better understand the occurrence and prevalence of ranaviruses within the PPR.",https://pubmed.ncbi.nlm.nih.gov/34913443/,in_scope,,,,
B0042,doi:10.1080/07352689.2011.554355,,Environmental Impact of Different Agricultural Management Practices: Conventional vs. Organic Agriculture,Critical Reviews in Plant Sciences,2011,"Tiziano Gomiero, David Pimentel, Maurizio G. Paoletti",10.1080/07352689.2011.554355,"Organic agriculture refers to a farming system that enhance soil fertility through maximizing the efficient use of local resources, while foregoing the use of agrochemicals, the use of Genetic Modified Organisms (GMO), as well as that of many synthetic compounds used as food additives. Organic agriculture relies on a number of farming practices based on ecological cycles, and aims at minimizing the environmental impact of the food industry, preserving the long term sustainability of soil and reducing to a minimum the use of non renewable resources. This paper carries out a comparative review of the environmental performances of organic agriculture versus conventional farming, and also discusses the difficulties inherent in this comparison process. The paper first provides an historical background on organic agriculture and briefly reports on some key socioeconomic issues concerning organic farming. It then focuses on how agricultural practices affect soil characteristics: under organic management soil loss is greatly reduced and soil organic matter (SOM) content increases. Soil biochemical and ecological characteristics appear also improved. Furthermore, organically managed soils have a much higher water holding capacity than conventionally managed soils, resulting in much larger yields compared to conventional farming, under conditions of water scarcity. Because of its higher ability to store carbon in the soil, organic agriculture could represent a means to improve CO2 abatement if adopted on a large scale. Next, the impact on biodiversity is highlighted: organic farming systems generally harbor a larger floral and faunal biodiversity than conventional systems, although when properly managed also the latter can improve biodiversity. Importantly, the landscape surrounding farmed land also appears to have the potential to enhance biodiversity in agricultural areas. The paper then outlines energy use in different agricultural settings: organic agriculture has higher energy efficiency (input/output) but, on average, exhibits lower yields and hence reduced productivity. Nevertheless, overall, organic agriculture appears to perform better than conventional farming, and provides also other important environmental advantages, such as halting the use of harmful chemicals and their spread in the environment and along the trophic chain, and reducing water use. Looking at the future of organic farming, based on the findings presented in this review, there is clearly a need for more research and investment directed to exploring potential of organic farming for reducing the environmental impact of agricultural practices; however, the implications of reduced productivity for the socioeconomic system should also be considered and suitable agricultural policies should be developed.",https://openalex.org/W1985505755,out_of_scope,,,,
B0043,doi:10.1002/edn3.39,,"Development of highly sensitive environmental DNA methods for the detection of Bull Sharks, Carcharhinus leucas (Müller and Henle, 1839), using Droplet Digital™ PCR",Environmental DNA,2020,"Katherine E. Schweiss, Ryan N. Lehman, J. Marcus Drymon, Nicole M. Phillips",10.1002/edn3.39,"BackgroundAs apex and mesopredators, elasmobranchs play a crucial role in maintaining ecosystem function and balance in marine systems. Elasmobranch populations worldwide are in decline as a result of exploitation via direct and indirect fisheries mortalities and habitat degradation; however, a lack of information on distribution, abundance, and population biology for most species hinders their effective management. Environmental DNA analysis has emerged as a cost‐effective and non‐invasive technique to fill some of these data gaps, but often requires the development of species‐specific methodologies.AimsHere, we established eDNA methodology appropriate for targeted species detections of Bull Sharks, Carcharhinus leucas, in estuarine waters in the northern Gulf of Mexico.Materials and MethodsWe compared different QIAGEN®DNeasy® extraction kit protocols and developed a species‐specific Droplet Digital™ PCR (ddPCR) assay by designing primers and an internal probe to amplify a 237 base pair portion of the ND2 gene in the mitochondrial genome of C. leucas. To validate the developed methods, water samples were collected from known C. leucas habitat and from an ex situ closed environment containing a single C. leucas individual. The effectiveness of the assay in an open environment was then assessed by placing one C. leucas into a flow‐through mesocosm system and water samples were collected every 30 min for 3 hr.ResultsThe developed C. leucas ‐specific assay has the ability to detect target DNA concentrations in a reaction as low as 0.6 copies/μl. DdPCR reactions performed on water samples from known habitat and 30 min after a shark was added to the closed environment contained 1.62 copies/μl and 166.6 copies/μl of target C. leucas eDNA, respectively. Carcharhinus leucas eDNA was detected in the flow‐through system within 30 min, but concentrations remained low and variable throughout the duration of the experiment.",https://doi.org/10.1002/edn3.39,in_scope,,,,
B0044,doi:10.1016/j.molcel.2016.03.022,27058782,Revisiting lncRNAs: How Do You Know Yours Is Not an eRNA?,Molecular cell,2016,Joaquín M Espinosa,10.1016/j.molcel.2016.03.022,"Diverse classes of noncoding RNAs have been recently established, but the defining criteria for each class are not always obvious. New research from Paralkar et al. (2016) in this issue of Molecular Cell challenges the distinction between long noncoding RNAs and enhancer-derived RNAs, and provides an experimental approach to define their mechanism of action.",https://pubmed.ncbi.nlm.nih.gov/27058782/,out_of_scope,,,,
B0045,doi:10.1002/edn3.273,,Make visible the invisible: Optimized development of an environmental DNA metabarcoding tool for the characterization of trematode parasitic communities,Environmental DNA,2022,"Philippe Douchet, Jérôme Boissier, Stephen Mulero, Hubert Ferté, Margot Doberva, Jean‐François Allienne, Eve Toulza, Kévin Bethune, Olivier Rey",10.1002/edn3.273,"The world's parasitic and mutualistic biodiversity is undergoing major upheavals related to modifications in host community structures, changes in interactions between species, and through coextinction events. Trematodes are an important component of this invisible biodiversity, in terms of species richness, but also because of their role in ecosystems functioning and in the emergence of associated diseases. Taken together, these elements point to the need for a better assessment and understanding of the structure and dynamics of trematode diversity. In this context, our aim was to develop an optimized eDNA‐based metabarcoding approach to detect trematodes and characterize their communities, most of which associated with aquatic environments. The efficiency of this newly developed tool was first assessed by exhaustive in‐silico and in‐vitro validation steps. We next assessed the ability of our eDNA‐based approach to reconstruct trematode communities compared to a classical trematode monitoring method over four freshwater aquatic ecosystems. Our eDNA‐based monitoring tool displayed a high amplification enrichment of trematode DNA, a 100% detection score for tracking back an in‐vitro mock community composed of 28 trematode species, and high genetic resolution, which makes it relevant to discriminate between even phylogenetically close trematode species. Over the four natural ecosystems screened in natura, 33 OTUs were generated from the eDNA‐based approach, from which 11 trematode species were identified. In comparison, we identified five trematode species using the classical monitoring method, three of which were also detected by the eDNA‐based approach. We believe that this new eDNA‐based metabarcoding tool will open new perspectives for fundamental and applied research in community ecology, conservation, and health survey.",https://doi.org/10.1002/edn3.273,in_scope,,,,
B0046,doi:10.17221/84/2024-vetmed,40735303,Environmental DNA (eDNA) contamination patterns of African swine fever virus (ASFV) in swine transport vehicles in the Philippines.,Veterinarni medicina,2025,"Mariane Jane Bartolome, Laurie Ann Marcella Aguirre, Caressa Marielle Poliquit, Iahleah Besas, Jorge Gil Angeles, Jomar Rabajante, Sherwin Camba, Fletcher Del Valle, Adelberto Ambrocio, Flomella Caguicla, Mary Grace Bustamante, Dennis Umali",10.17221/84/2024-VETMED,"Since its introduction in 2019, African swine fever (ASF) has spread to all regions of the Philippines, affecting 73 out of its 82 provinces. To assess the environmental DNA (eDNA) contamination patterns of the ASF virus (ASFV) in swine transport vehicles and evaluate its measures of association, a total of 450 environmental swabs from 30 transportation vehicles were tested using qPCR. Five out of 30 vehicles (16.67%) tested positive in at least one of the following areas: cargo area or sidecar walls (6.67%), cargo area or sidecar floors (6.67%), hauling personnel's hands (6.67%), steering wheel or handlebars (3.33%), gear shift levers (3.33%), floor mats or footpegs (3.33%), dashboards (3.33%), door handles or sidecar gate bolts (3.33%), tyres/wheels (3.33%), fenders (3.33%), and hauling personnel's footwear (3.33%). All investigated risk factors were analysed and were found to be insignificant, including the frequency of swine transportation, frequency of cleaning, cleaning materials used, disinfection practices, the number of pigs transported, and whether hauliers owned pigs (P > 0.05). This study illuminates the environmental contamination patterns of ASFV in swine transport vehicles, underscoring the need for targeted biosecurity protocols and more effective vehicle disinfection systems to reduce the risk of ASF disease transmission.",https://pubmed.ncbi.nlm.nih.gov/40735303/,in_scope,,,,
B0047,doi:10.3390/bios15080494,40862956,Bioinformation and Monitoring Technology for Environmental DNA Analysis: A Review.,Biosensors,2025,"Hyo Jik Yoon, Joo Hyeong Seo, Seung Hoon Shin, Mohamed A A Abdelhamid, Seung Pil Pack",10.3390/bios15080494,"Environmental DNA (eDNA) analysis has emerged as a transformative tool in environmental monitoring, enabling non-invasive detection of species and microbial communities across diverse ecosystems. This study systematically reviews the role of bioinformation technology in eDNA analysis, focusing on methodologies and applications across air, soil, groundwater, sediment, and aquatic environments. Advances in molecular biology, high-throughput sequencing, bioinformatics tools, and field-deployable detection systems have significantly improved eDNA detection sensitivity, allowing for early identification of invasive species, monitoring ecosystem health, and tracking pollutant degradation processes. Airborne eDNA monitoring has demonstrated potential for assessing microbial shifts due to air pollution and tracking pathogen transmission. In terrestrial environments, eDNA facilitates soil and groundwater pollution assessments and enhances understanding of biodegradation processes. In aquatic ecosystems, eDNA serves as a powerful tool for biodiversity assessment, invasive species monitoring, and wastewater-based epidemiology. Despite its growing applicability, challenges remain, including DNA degradation, contamination risks, and standardization of sampling protocols. Future research should focus on integrating eDNA data with remote sensing, machine learning, and ecological modeling to enhance predictive environmental monitoring frameworks. As technological advancements continue, eDNA-based approaches are poised to revolutionize environmental assessment, conservation strategies, and public health surveillance.",https://pubmed.ncbi.nlm.nih.gov/40862956/,in_scope,,,,
B0048,doi:10.1111/j.1745-493x.2009.03175.x,,FOOD FOR THOUGHT: SOCIAL VERSUS ENVIRONMENTAL SUSTAINABILITY PRACTICES AND PERFORMANCE OUTCOMES,Journal of Supply Chain Management,2009,"Madeleine Pullman, Michael J. Maloni, Craig R. Carter",10.1111/j.1745-493x.2009.03175.x,"Sustainable supply management research generally focuses on environmental practices. We show through an analysis of the food industry that sustainability requires an expanded view to encompass both environmental and social elements. We interviewed and surveyed food and beverage producers in the U.S. Pacific Northwest to both validate expanded sustainability elements in the industry and assess subsequent performance outcomes. A path analysis reveals that food industry managers perceive both direct and mediated impacts of sustainability programs on performance. Specifically, the results indicate that sustainability program effects are limited to the impact of conservation and land management environmental practices on overall environmental performance and human resources practices on quality performance. However, environmental performance improvements lead to improved quality performance, which in turn improves cost performance. The results highlight the complexity of sustainability impacts on performance and suggest that performance benefits from sustainability programs may be difficult to recognize.",https://openalex.org/W2039921468,out_of_scope,,,,
B0049,doi:10.1098/rsbl.2015.0408,26333663,Long-lasting modification of soil fungal diversity associated with the introduction of rabbits to a remote sub-Antarctic archipelago.,Biology letters,2015,"Johan Pansu, Richard C Winkworth, Françoise Hennion, Ludovic Gielly, Pierre Taberlet, Philippe Choler",10.1098/rsbl.2015.0408,"During the late nineteenth century, Europeans introduced rabbits to many of the sub-Antarctic islands, environments that prior to this had been devoid of mammalian herbivores. The impacts of rabbits on indigenous ecosystems are well studied; notably, they cause dramatic changes in plant communities and promote soil erosion. However, the responses of fungal communities to such biotic disturbances remain unexplored. We used metabarcoding of soil extracellular DNA to assess the diversity of plant and fungal communities at sites on the sub-Antarctic Kerguelen Islands with contrasting histories of disturbance by rabbits. Our results suggest that on these islands, the simplification of plant communities and increased erosion resulting from the introduction of rabbits have driven compositional changes, including diversity reductions, in indigenous soil fungal communities. Moreover, there is no indication of recovery at sites from which rabbits were removed 20 years ago. These results imply that introduced herbivores have long-lasting and multifaceted effects on fungal biodiversity as well as highlight the low resiliency of sub-Antarctic ecosystems.",https://pubmed.ncbi.nlm.nih.gov/26333663/,out_of_scope,,,,
B0050,doi:10.1371/journal.pone.0342469,41642898,Integrated environmental DNA analysis and population assessment revealed a biannual breeding season of the Korean clawed salamander (Onychodactylus koreanus).,PloS one,2026,"Min-Woo Park, Jaejin Park, Jongsun Kim, Jiho Park, Narae Joo, Hahyun Nam, Daesik Park",10.1371/journal.pone.0342469,"Determining the breeding season of a species is key to understanding its life cycle and to ensuring efficient conservation. Determining the breeding season is challenging for subterranean breeders. Environmental DNA (eDNA) applications have been proposed alongside population surveys. In this study, larval influx, adult emergence, and eDNA detection of Onychodactylus koreanus, an external fertilizer, were investigated at underground cave breeding sites every 2 weeks from April 2024 to June 2025 to determine the breeding frequency and season. A major influx of 1-year-old larvae occurred in June and November. Adult emergence occurred in May-June and November-December, but was absent in July-September and February. The timing of major eDNA detection matched the pattern of adult emergence, but did not well reflect the larval influx. Major eDNA detection occurred twice, in April-June and November-December 2024. Three egg clutches were observed on December 23, 2024. On July 28, 2025, 110 eggs were counted at the same spawning site. Our combined results suggest that O. koreanus has two sperate breeding seasons each year, occurring April-June and November-December, and that eDNA detection along with population surveys can be useful to identify the breeding season of subterranean amphibians.",https://pubmed.ncbi.nlm.nih.gov/41642898/,in_scope,,,,
B0051,doi:10.1002/tafs.10043,,Primer Designs for Identification and Environmental DNA (eDNA) Detection of Gars,Transactions of the American Fisheries Society,2018,"Nicole J. Farley, Adrian A. Vasquez, Richard Kik, Solomon R. David, Arjun S. Katailiha, Xavier N. Walker, Jeffrey L. Ram",10.1002/tafs.10043,"Gars (family Lepisosteidae) play important roles as apex predators in freshwater ecosystems, helping to balance fish populations. Several gar species are exploited as food and game fish, and some species are classified as vulnerable due to habitat loss. New molecular techniques to detect, monitor, and identify environmental DNA (eDNA) from gars might help inform management and conservation efforts for these interesting fish. The goal of this project was to develop and test PCR primers for gars, using specimens of all seven gar species, which are on exhibit at the Belle Isle Aquarium in Detroit, Michigan. Focusing on the mitochondrial gene for cytochrome oxidase I, we first designed primers to amplify DNA from all species of gars (“universal gar primers”) and confirmed their specificity in silico. These primers amplified DNA from all seven species, and species identities were confirmed by sequencing the PCR products. Only one of the three ostensibly Shortnose Gar Lepisosteus platostomus specimens sampled exhibited a Shortnose Gar matriline; two other specimens may be Longnose Gar L. osseus × Shortnose Gar hybrids. Genus‐targeted primers were developed that amplified all Atractosteus species and two of four Lepisosteus species. Species‐specific primers were developed for Longnose Gar, Shortnose Gar, and Tropical Gar Atractosteus tropicus. A primer set that targeted Alligator Gar A. spatula also amplified DNA from Cuban Gar A. tristocheus, but not other species. While the universal gar primers followed by sequencing confirmed the identities of all seven gar species at the Belle Isle Aquarium, PCR with the species‐specific primers enabled direct detection of the presence of DNA from the targeted species in the water in which those species had been maintained. Designing these primers is the first step in developing eDNA markers for gars, which in turn could inform the conservation and management of gar populations.",https://doi.org/10.1002/tafs.10043,in_scope,,,,
B0052,doi:10.1111/1755-0998.13122,31777170,Promising protocols for parasites: Metatranscriptomics improves detection of hyperdiverse but low abundance communities.,Molecular ecology resources,2019,Loren Cassin-Sackett,10.1111/1755-0998.13122,"Genomic technologies continue to shed light on important ecological and evolutionary questions. Nonetheless, these new tools are applied disproportionately in a small fraction of global biodiversity, partly because of technical challenges to studying highly diverse taxa that occur in low abundances in an environment (e.g., marine and microbial communities). As a result, our understanding of ecological and evolutionary processes lags in many taxa. In a From the Cover manuscript in this issue of Molecular Ecology Resources, Galen, Borner, Williamson, Witt, and Perkins (2020) present a novel approach for characterizing diversity that combines metatranscriptomics with rigorous bioinformatic processing to dramatically improve detection and identification of diverse, low-abundance avian blood parasites. Their approach is an exciting application of available tools that increases our potential for a deeper understanding of diversity in other communities of low-abundance, highly diverse taxa.",https://pubmed.ncbi.nlm.nih.gov/31777170/,out_of_scope,,,,
B0053,doi:10.1038/s41598-021-86731-z,33790382,eDNA metabarcoding of small plankton samples to detect fish larvae and their preys from Atlantic and Pacific waters.,Scientific reports,2021,"Eva Garcia-Vazquez, Oriane Georges, Sara Fernandez, Alba Ardura",10.1038/s41598-021-86731-z,"Zooplankton community inventories are the basis of fisheries management for containing fish larvae and their preys; however, the visual identification of early-stage larvae (the ""missing biomass"") is difficult and laborious. Here, eDNA metabarcoding was employed to detect zooplankton species of interest for fisheries from open and coastal waters. High-Throughput sequencing (HTS) from environmental samples using small water volumes has been proposed to detect species of interest whose DNA is the most abundant. We analyzed 6-L water samples taken from subtropical and tropical waters using Cytochrome oxidase I (COI) gene as metabarcode. In the open ocean, several commercial fish larvae and invertebrate species important in fish diet were found from metabarcodes and confirmed from individual barcoding. Comparing Atlantic, Mediterranean, Red Sea, and Pacific samples we found a lower taxonomic depth of OTU assignments in samples from tropical waters than in those from temperate ones, suggesting large gaps in reference databases for those areas; thus a higher effort of zooplankton barcoding in tropical oceans is highly recommended. This and similar simplified sampling protocols could be applied in early detection of species important for fisheries.",https://pubmed.ncbi.nlm.nih.gov/33790382/,in_scope,,,,
B0054,doi:10.1128/aem.01399-21,34586910,A High-Throughput Short Sequence Typing Scheme for Serratia marcescens Pure Culture and Environmental DNA.,Applied and environmental microbiology,2021,"Thibault Bourdin, Alizée Monnier, Marie-Ève Benoit, Emilie Bédard, Michèle Prévost, Caroline Quach, Eric Déziel, Philippe Constant",10.1128/AEM.01399-21,"Molecular typing methods are used to characterize the relatedness between bacterial isolates involved in infections. These approaches rely mostly on discrete loci or whole-genome sequencing (WGS) analyses of pure cultures. On the other hand, their application to environmental DNA profiling to evaluate epidemiological relatedness among patients and environments has received less attention. We developed a specific, high-throughput short sequence typing (HiSST) method for the opportunistic human pathogen Serratia marcescens. Genes displaying the highest polymorphism were retrieved from the core genome of 60 S. marcescens strains. Bioinformatics analyses showed that use of only three loci (within bssA, gabR, and dhaM) distinguished strains with a high level of efficiency. This HiSST scheme was applied to an epidemiological survey of S. marcescens in a neonatal intensive care unit (NICU). In a first case study, a strain responsible for an outbreak in the NICU was found in a sink drain of this unit, by using HiSST scheme and confirmed by WGS. The HiSST scheme was also applied to environmental DNA extracted from sink-environment samples. Diversity of S. marcescens was modest, with 11, 6, and 4 different sequence types (ST) of gabR, bssA, and dhaM loci among 19 sink drains, respectively. Epidemiological relationships among sinks were inferred on the basis of pairwise comparisons of ST profiles. Further research aimed at relating ST distribution patterns to environmental features encompassing sink location, utilization, and microbial diversity is needed to improve the surveillance and management of opportunistic pathogens. IMPORTANCE Serratia marcescens is an important opportunistic human pathogen, often multidrug resistant and involved in outbreaks of nosocomial infections in neonatal intensive care units. Here, we propose a quick and user-friendly method to select the best typing scheme for nosocomial outbreaks in relating environmental and clinical sources. This method, named high-throughput short sequence typing (HiSST), allows to distinguish strains and to explore the diversity profile of nonculturable S. marcescens. The application of HiSST profile analysis for environmental DNA offers new possibilities to track opportunistic pathogens, identify their origin, and relate their distribution pattern with environmental features encompassing sink location, utilization, and microbial diversity. Adaptation of the method to other opportunistic pathogens is expected to improve knowledge regarding their ecology, which is of significant interest for epidemiological risk assessment and elaborate outbreak mitigation strategies.",https://pubmed.ncbi.nlm.nih.gov/34586910/,in_scope,,,,
B0055,doi:10.1016/j.scitotenv.2020.139047,32473395,Particle-attached riverine bacteriome shifts in a pollutant-resistant and pathogenic community during a Mediterranean extreme storm event.,The Science of the total environment,2020,"Mégane Noyer, Brice Reoyo-Prats, Dominique Aubert, Maria Bernard, Olivier Verneau, Carmen Palacios",10.1016/j.scitotenv.2020.139047,"Rivers are representative of the overall contamination found in their catchment area. Contaminant concentrations in watercourses depend on numerous factors including land use and rainfall events. Globally, in Mediterranean regions, rainstorms are at the origin of fluvial multipollution phenomena as a result of Combined Sewer Overflows (CSOs) and floods. Large loads of urban-associated microorganisms, including faecal bacteria, are released from CSOs which place public health - as well as ecosystems - at risk. The impacts of freshwater contamination on river ecosystems have not yet been adequately addressed, as is the case for the release of pollutant mixtures linked to extreme weather events. In this context, microbial communities provide critical ecosystem services as they are the only biological compartment capable of degrading or transforming pollutants. Through the use of 16S rRNA gene metabarcoding of environmental DNA at different seasons and during a flood event in a typical Mediterranean coastal river, we show that the impacts of multipollution phenomena on structural shifts in the particle-attached riverine bacteriome were greater than those of seasonality. Key players were identified via multivariate statistical modelling combined with network module eigengene analysis. These included species highly resistant to pollutants as well as pathogens. Their rapid response to contaminant mixtures makes them ideal candidates as potential early biosignatures of multipollution stress. Multiple resistance gene transfer is likely enhanced with drastic consequences for the environment and human-health, particularly in a scenario of intensification of extreme hydrological events.",https://pubmed.ncbi.nlm.nih.gov/32473395/,out_of_scope,,,,
B0056,doi:10.1038/s41598-018-27434-w,29904146,Real-time multiplex PCR for simultaneous detection of multiple species from environmental DNA: an application on two Japanese medaka species.,Scientific reports,2018,"Satsuki Tsuji, Yuka Iguchi, Naoki Shibata, Iori Teramura, Tadao Kitagawa, Hiroki Yamanaka",10.1038/s41598-018-27434-w,"Information about species distribution is crucial to ecological studies. Environmental DNA (eDNA) analysis has recently been used to estimate the distribution of aquatic organisms. Several analytical methods including metabarcoding and species-specific PCR are being used for eDNA analysis. However, when only a few species are targeted, metabarcoding is not cost-effective because of the wasted consumption of read due to amplification of non-target species DNA. On the other hand, species-specific PCR requires tests to be repeated multiple times resulting in consuming more DNA templates, and experimental consumables. Here we propose a methodological framework for simultaneously detecting a few species using real-time multiplex PCR. We developed the species-specific primer-probe sets for two species of Japanese medaka (Oryzias latipes and o. sakaizumii), and we used them in the real-time multiplex PCR. In aquarium experiment, even when the species abundances were biased, both species were simultaneously detected in all samples. In a field survey, eDNA analysis and capture survey produced consistent results in all sampling sites, including sites with low fish densities. eDNA analysis using real-time multiplex PCR can be easily applied to other aquatic organisms, enabling a more cost-effective distribution survey of multiple target organisms.",https://pubmed.ncbi.nlm.nih.gov/29904146/,in_scope,,,,
B0057,doi:10.3389/fevo.2020.00135,,A Systematic Review of Sources of Variability and Uncertainty in eDNA Data for Environmental Monitoring,Frontiers in Ecology and Evolution,2020,"Chloé Mathieu, Syrie M. Hermans, Gavin Lear, Thomas R. Buckley, Kevin C. Lee, Hannah L. Buckley",10.3389/fevo.2020.00135,"Environmental DNA (eDNA) is becoming a standard tool in environmental monitoring that aims to quantify spatiotemporal variation for the measurement and prediction of ecosystem change. eDNA surveys have complex workflows encompassing multiple decision-making steps in which uncertainties can accumulate due to field sampling design, molecular biology lab work and bioinformatics analyses. We conducted a quantitative review of studies published prior to December 2017 (n=431) that had sampled eDNA from a variety of ecosystems and that had explicitly accounted for variability and uncertainty associated with eDNA workflows, either in their study design (e.g., replication) or data analysis (e.g., statistically modelling the spatiotemporal variation). We recorded differences in the spatial and temporal study design, the detected scales of natural variation in the study taxa, and how researchers measured and addressed the sources of variability and uncertainty associated with the eDNA workflow. We show that relatively few studies used eDNA to understand temporal variation in biodiversity compared to spatial variation, and fewer described how uncertainties were addressed. We recommend increasing the number of temporal studies and to account for both natural variation and sources of uncertainty, such as imperfect detection, when undertaking eDNA surveys. Of studies that quantified spatiotemporal variation, this review identified gaps in the scales over which researchers have observed these patterns. Increasing the number of long-term and broad-scale eDNA studies will improve understanding of how useful eDNA is at scales relevant for monitoring the effects of environmental changes such as climatic shifts or land use change. Even where sources of spatiotemporal variation and uncertainty were accounted for, the effort in quantifying this variation differed among the different steps in the eDNA process, from field, to laboratory and bioinformatics procedures, depending on the type of community studied (micro- vs macro-organism communities). We recommend more consistent experimental and modelling methods, accounting for spatiotemporal variation and uncertainty in eDNA collection and analysis, and incorporation of prior knowledge of sources of variability via Bayesian modelling approaches to account for uncertainties such as imperfect detection, to generate robust diversity estimates and increase the comparability of eDNA datasets for environmental monitoring across space and time.",https://openalex.org/W3026177780,in_scope,,,,
B0058,doi:10.1093/oso/9780198767220.003.0001,,Introduction to environmental DNA (eDNA),Environmental DNA,2018,"Pierre Taberlet, Aurélie Bonin, Lucie Zinger, Eric Coissac",10.1093/oso/9780198767220.003.0001,"Chapter “Introduction to environmental DNA (eDNA)” defines the central concepts of this book. Environmental DNA (eDNA) corresponds to a mixture of genomic DNA from many different organisms found in an environmental sample such as water, soil, or feces. DNA metabarcoding can be defined as the simultaneous DNA-based identification of many taxa found in the same eDNA extract. It is usually based on the analysis of a metabarcode (i.e., a short and taxonomically informative DNA region). Metagenomics refers to the assembly and functional analysis of the different genomes found in an environmental sample, while metatranscriptomics examines gene expression and regulation at the sampling time based on the set of RNAs extracted from such a sample. Chapter also presents a brief history of eDNA, highlights the different steps of an eDNA study, and gives an overview of the different eDNA methods implemented in ecological research or biodiversity management.",https://doi.org/10.1093/oso/9780198767220.003.0001,in_scope,,,,
B0059,doi:10.1002/edn3.113,,Detection of herbivory: eDNA detection from feeding marks on leaves,Environmental DNA,2020,"Aoi Kudoh, Toshifumi Minamoto, Satoshi Yamamoto",10.1002/edn3.113,"Many techniques have been developed to investigate the interactions between plants and herbivorous insects in natural environments and are generally used to determine either (a) which plant species are eaten by a specific herbivorous insect or (b) which herbivorous insect species are herbivores of a specific plant. The former problem is usually addressed by the direct observation of feeding and microscopic observation of gut contents and excrements, as well as the application of DNA‐barcoding techniques. However, the latter problem has typically been addressed using time‐consuming methods, such as direct observation and rearing. Therefore, more efficient techniques are needed for identifying and quantifying the interactions of plants with herbivorous insects. The present study demonstrates that the environmental DNA (eDNA) of herbivorous insects can be recovered from leaves with external foliage feeding marks. Mitochondrial DNA fragments of herbivorous insects were detected from insect‐exposed leaves using primer sets that amplified the DNA of target species. The amplification rate of the herbivorous insect DNA was positively associated with the rim length of feeding marks, which suggests that most of the insect DNA came from the feeding marks. Additionally, we showed that this method has the potential to detect eDNA from field‐collected leaves. This time‐efficient approach will contribute to the detection of plant–insect herbivore interactions.",https://doi.org/10.1002/edn3.113,in_scope,,,,
B0060,doi:10.1007/s11356-025-36519-9,40389770,Environmental DNA (eDNA) collection techniques across diverse ecosystems: a mini-review of promising new tools for eDNA metabarcoding.,Environmental science and pollution research international,2025,"Sakib Tahmid Rishan, Richard J Kline, Md Saydur Rahman",10.1007/s11356-025-36519-9,"Environmental DNA (eDNA) analysis has significantly transformed the way biodiversity assessment and monitoring are conducted in many environments. This review study synthesizes findings from multiple studies to provide a comprehensive overview of eDNA collection strategies in diverse settings. The review examines the techniques used for sampling eDNA in water, air, soil, sediment, and coral reef ecosystems. Water filtration, sediment sampling, and passive sampling devices are commonly used methods for collecting eDNA in aquatic environments. These techniques provide non-invasive ways to identify and track aquatic organisms, offering vital information about the interactions within the community and the global distribution of species. Similarly, the use of airborne eDNA sampling techniques is becoming increasingly promising for evaluating biodiversity on land, although there is room for improvement. Soil eDNA extraction techniques involve the use of soil coring to collect samples, followed by DNA extraction from these samples, and the application of metabarcoding methods. These techniques allow for thorough investigations of biodiversity in the soil. Specialized techniques for collecting eDNA are required for coral reef ecosystems due to their intricate habitat structure and fluctuating water conditions. The importance of choosing appropriate techniques for eDNA collection based on ecosystem parameters and research objectives is emphasized by comparative analysis. This mini-review consolidates knowledge from a selected body of recent studies and serves as a helpful resource for scholars and practitioners involved in biodiversity monitoring and conservation across diverse ecosystems.",https://pubmed.ncbi.nlm.nih.gov/40389770/,in_scope,,,,
B0061,doi:10.1016/j.scitotenv.2023.166675,37647964,Current status and topical issues on the use of eDNA-based targeted detection of rare animal species.,The Science of the total environment,2023,"Sofia Duarte, Luara Simões, Filipe O Costa",10.1016/j.scitotenv.2023.166675,"Animal detection through DNA present in environmental samples (eDNA) is a valuable tool for detecting rare species, that are difficult to observe and monitor. eDNA-based tools are underpinned by molecular evolutionary principles, key to devising tools to efficiently single out a targeted species from an environmental sample. Here, we present a comprehensive review of the use of eDNA-based methods for the detection of targeted animal species, such as rare, endangered, or invasive species, through the analysis of 549 publications (2008-2022). Aquatic ecosystems have been the most surveyed, in particular, freshwaters (74 %), and to a less extent marine (14 %) and terrestrial systems (10 %). Vertebrates, in particular, fish (38 %), and endangered species, have been the focus of most of these studies, and Cytb and COI are the most employed markers. Among invertebrates, assays have been mainly designed for Mollusca and Crustacea species (21 %), in particular, to target invasive species, and COI the most employed marker. Targeted molecular approaches, in particular qPCR, have been the most adopted (75 %), while eDNA metabarcoding has been rarely used to target single or few species (approx. 6 %). However, less attention has been given in these studies to the effects of environmental factors on the amount of shed DNA, the differential amount of shed DNA among species, or the sensitivity of the markers developed, which may impact the design of the assays, particularly to warrant the required detection level and avoid false negatives and positives. The accuracy of the assays will also depend on the availability of genetic data and vouchered tissue or DNA samples from closely related species to assess both marker and primers' specificity. In addition, eDNA-based assays developed for a particular species may have to be refined for use in a new geographic area taking into account site-specific populations, as well as any intraspecific variation.",https://pubmed.ncbi.nlm.nih.gov/37647964/,in_scope,,,,
B0062,doi:10.1021/ie303468t,,Modified TiO2 For Environmental Photocatalytic Applications: A Review,Industrial & Engineering Chemistry Research,2013,"Rimeh Daghrir, Patrick Drogui, Didier Robert",10.1021/ie303468t,"This paper summarizes recent research dealing with development of titanium dioxide (TiO2) used for environmental applications. TiO2 plays the most important role owing to its excellent chemical and physical properties. However, the TiO2 band edge lies in the UV region that makes them inactive under visible irradiation. In this regard, considerable efforts have been made to increase the visible light activity of TiO2 via the modification of its electronic and optical properties. Doping TiO2 using either anions or cations is one of the typical approaches that has been largely applied. Coupling TiO2 with a narrow bad gap semiconductor (MxOy/TiO2 or MxSy/TiO2) represents another approach. This work aims to encompass the new progress of TiO2 for an efficient application in water and wastewater treatment under visible light, emphasizes the future trends of TiO2 in the environment, and suggests new research directions, including preparation aspects for the development of this promising material.",https://openalex.org/W2014947190,out_of_scope,,,,
B0063,doi:10.1080/09669582.2014.965177,,"How do environmental knowledge, environmental sensitivity, and place attachment affect environmentally responsible behavior? An integrated approach for sustainable island tourism",Journal of Sustainable Tourism,2014,"Tien‐Ming Cheng, Homer C. Wu",10.1080/09669582.2014.965177,"Previous studies have explored tourists’ environmentally responsible behavior (ERB) from the perspectives of individual commitment, attractiveness, and involvement. This study approaches from the standpoint of environmental knowledge (EK); it probes tourists’ behavior to facilitate sustainable tourism development, and constructs a sustainable island tourism development model by integrating EK, environmental sensitivity, place attachment, and ERB. Four hundred and seventy seven tourists visiting the Penghu Islands, Taiwan, were surveyed. Structural equation modeling was used to determine the relationships among the variables and the mediating effects. Results indicate that higher levels of tourists’ EK about the Penghu Islands are associated with stronger environmental sensitivity; environmental sensitivity which tourists have for island tourism is positively associated with place attachment. The extent of place attachment of Penghu as perceived by tourists is also positively associated with stronger ERB. When tourists are highly sensitive to the attraction, they are more likely to exhibit ERB. Environmental sensitivity and place attachment were found to exert significant effects in mediating the relationships between EK and ERB. This study pioneers the integration of all four constructs in a sustainable tourism behavior model for tourists to island tourism destinations. Suggestions for marketing and implementation of sustainable tourism, and their managerial implications are proposed.",https://openalex.org/W2168729656,out_of_scope,,,,
B0064,doi:10.1016/j.cub.2021.02.019,33711254,Environmental DNA reveals links between abundance and composition of airborne grass pollen and respiratory health.,Current biology : CB,2021,"Francis M Rowney, Georgina L Brennan, Carsten A Skjøth, Gareth W Griffith, Rachel N McInnes, Yolanda Clewlow, Beverley Adams-Groom, Adam Barber, Natasha de Vere, Theo Economou, Matthew Hegarty, Helen M Hanlon, Laura Jones, Alexander Kurganskiy, Geoffrey M Petch, Caitlin Potter, Abdullah M Rafiq, Amena Warner, PollerGEN Consortium, Benedict Wheeler, Nicholas J Osborne, Simon Creer",10.1016/j.cub.2021.02.019,"Grass (Poaceae) pollen is the most important outdoor aeroallergen,1 exacerbating a range of respiratory conditions, including allergic asthma and rhinitis (""hay fever"").2-5 Understanding the relationships between respiratory diseases and airborne grass pollen with a view to improving forecasting has broad public health and socioeconomic relevance. It is estimated that there are over 400 million people with allergic rhinitis6 and over 300 million with asthma, globally,7 often comorbidly.8 In the UK, allergic asthma has an annual cost of around US$ 2.8 billion (2017).9 The relative contributions of the >11,000 (worldwide) grass species (C. Osborne et al., 2011, Botany Conference, abstract) to respiratory health have been unresolved,10 as grass pollen cannot be readily discriminated using standard microscopy.11 Instead, here we used novel environmental DNA (eDNA) sampling and qPCR12-15 to measure the relative abundances of airborne pollen from common grass species during two grass pollen seasons (2016 and 2017) across the UK. We quantitatively demonstrate discrete spatiotemporal patterns in airborne grass pollen assemblages. Using a series of generalized additive models (GAMs), we explore the relationship between the incidences of airborne pollen and severe asthma exacerbations (sub-weekly) and prescribing rates of drugs for respiratory allergies (monthly). Our results indicate that a subset of grass species may have disproportionate influence on these population-scale respiratory health responses during peak grass pollen concentrations. The work demonstrates the need for sensitive and detailed biomonitoring of harmful aeroallergens in order to investigate and mitigate their impacts on human health.",https://pubmed.ncbi.nlm.nih.gov/33711254/,in_scope,,,,
B0065,doi:10.1038/s41598-021-94286-2,34417484,Environmental DNA preserved in marine sediment for detecting jellyfish blooms after a tsunami.,Scientific reports,2021,"Mizuki Ogata, Reiji Masuda, Hiroya Harino, Masayuki K Sakata, Makoto Hatakeyama, Katsuhide Yokoyama, Yoh Yamashita, Toshifumi Minamoto",10.1038/s41598-021-94286-2,"Environmental DNA (eDNA) can be a powerful tool for detecting the distribution and abundance of target species. This study aimed to test the longevity of eDNA in marine sediment through a tank experiment and to use this information to reconstruct past faunal occurrence. In the tank experiment, juvenile jack mackerel (Trachurus japonicus) were kept in flow-through tanks with marine sediment for two weeks. Water and sediment samples from the tanks were collected after the removal of fish. In the field trial, sediment cores were collected in Moune Bay, northeast Japan, where unusual blooms of jellyfish (Aurelia sp.) occurred after a tsunami. The samples were analyzed by layers to detect the eDNA of jellyfish. The tank experiment revealed that after fish were removed, eDNA was not present in the water the next day, or subsequently, whereas eDNA was detectable in the sediment for 12 months. In the sediment core samples, jellyfish eDNA was detected at high concentrations above the layer with the highest content of polycyclic aromatic hydrocarbons, reflecting tsunami-induced oil spills. Thus, marine sediment eDNA preserves a record of target species for at least one year and can be used to reconstruct past faunal occurrence.",https://pubmed.ncbi.nlm.nih.gov/34417484/,in_scope,,,,
B0066,doi:10.1093/oso/9780198767220.001.0001,,Environmental DNA,,2018,"Pierre Taberlet, Aurélie Bonin, Lucie Zinger, Éric Coissac",10.1093/oso/9780198767220.001.0001,"Environmental DNA (eDNA), i.e. DNA released in the environment by any living form, represents a formidable opportunity to gather high-throughput and standard information on the distribution or feeding habits of species. It has therefore great potential for applications in ecology and biodiversity management. However, this research field is fast-moving, involves different areas of expertise and currently lacks standard approaches, which calls for an up-to-date and comprehensive synthesis. Environmental DNA for biodiversity research and monitoring covers current methods based on eDNA, with a particular focus on “eDNA metabarcoding”. Intended for scientists and managers, it provides the background information to allow the design of sound experiments. It revisits all steps necessary to produce high-quality metabarcoding data such as sampling, metabarcode design, optimization of PCR and sequencing protocols, as well as analysis of large sequencing datasets. All these different steps are presented by discussing the potential and current challenges of eDNA-based approaches to infer parameters on biodiversity or ecological processes. The last chapters of this book review how DNA metabarcoding has been used so far to unravel novel patterns of diversity in space and time, to detect particular species, and to answer new ecological questions in various ecosystems and for various organisms. Environmental DNA for biodiversity research and monitoring constitutes an essential reading for all graduate students, researchers and practitioners who do not have a strong background in molecular genetics and who are willing to use eDNA approaches in ecology and biomonitoring.",https://openalex.org/W4250963355,in_scope,,,,
B0067,doi:10.1016/j.envres.2025.121238,40020855,Freshwater fish community assessment using eDNA metabarcoding vs. capture-based methods: Differences in efficiency and resolution coupled to habitat and ecology.,Environmental research,2025,"Manuel Curto, Sofia Batista, Carlos D Santos, Filipe Ribeiro, Sofia Nogueira, Diogo Ribeiro, Benjamin Prindle, Daniel Licari, Giulia Riccioni, Diogo Dias, Francisco Pina-Martins, Sissel Jentoft, Ana Veríssimo, Maria Judite Alves, Hugo F Gante",10.1016/j.envres.2025.121238,"Environmental DNA (eDNA) metabarcoding has revolutionized ecological and environmental research by describing communities without relying on direct observations, making it a powerful, non-invasive, and cost-effective tool in biodiversity monitoring. However, the adoption of eDNA as a standard protocol in long-term monitoring programs, which have traditionally relied on capture-based methods, presents challenges in terms of data comparability. Here, we compared freshwater fish communities assessed through eDNA metabarcoding and electrofishing, across 35 sampling sites in the lower Tagus River basin, Portugal. For the majority of species or species-groups analysed individually (13 out of 17), a significant correspondence was observed between electrofishing and eDNA metabarcoding detections. A weaker correspondence was found between the number of specimens captured by electrofishing with the number of eDNA metabarcoding reads, with seven out of 13 taxa showing significant relationships. Species richness estimates based on the two methods were very similar at the basin level. The methods yielded significantly different species compositions, although these differences were driven by samples collected in the Tagus main channel, which is wider and has higher flow rates than tributaries. Benthic and shoreline fish communities showed similar species composition in the two methods, but this was not the case for pelagic communities, probably due to the higher water turnover of the pelagic zone and electrofishing inefficiency. Our results highlight the high potential of eDNA metabarcoding as a complementary method to electrofishing for freshwater fish monitoring, though further validation is needed to assess biases related to site-specific hydrological conditions and the ecology of the target species.",https://pubmed.ncbi.nlm.nih.gov/40020855/,in_scope,,,,
B0068,doi:10.1002/psaq.12066,26784723,THE PAST IS IN THE PRESENT: READING THE WORK OF EDNA O'SHAUGHNESSY.,The Psychoanalytic quarterly,2016,Lynne Zeavin,10.1002/psaq.12066,"Inquiries in Psychoanalysis: Collected Papers of Edna O'Shaughnessy. By Edna O'Shaughnessy; edited by Richard Rusbridger. London/New York: Routledge, 2014. 342 pp.",https://pubmed.ncbi.nlm.nih.gov/26784723/,out_of_scope,,,,
B0069,doi:10.1371/journal.pone.0017549,,Antibiotic Resistance Genes in the Bacteriophage DNA Fraction of Environmental Samples,PLoS ONE,2011,"Marta Colomer-Lluch, Juan Jofre, Maite Muniesa",10.1371/journal.pone.0017549,"Antibiotic resistance is an increasing global problem resulting from the pressure of antibiotic usage, greater mobility of the population, and industrialization. Many antibiotic resistance genes are believed to have originated in microorganisms in the environment, and to have been transferred to other bacteria through mobile genetic elements. Among others, β-lactam antibiotics show clinical efficacy and low toxicity, and they are thus widely used as antimicrobials. Resistance to β-lactam antibiotics is conferred by β-lactamase genes and penicillin-binding proteins, which are chromosomal- or plasmid-encoded, although there is little information available on the contribution of other mobile genetic elements, such as phages. This study is focused on three genes that confer resistance to β-lactam antibiotics, namely two β-lactamase genes (blaTEM and blaCTX-M9) and one encoding a penicillin-binding protein (mecA) in bacteriophage DNA isolated from environmental water samples. The three genes were quantified in the DNA isolated from bacteriophages collected from 30 urban sewage and river water samples, using quantitative PCR amplification. All three genes were detected in the DNA of phages from all the samples tested, in some cases reaching 104 gene copies (GC) of blaTEM or 102 GC of blaCTX-M and mecA. These values are consistent with the amount of fecal pollution in the sample, except for mecA, which showed a higher number of copies in river water samples than in urban sewage. The bla genes from phage DNA were transferred by electroporation to sensitive host bacteria, which became resistant to ampicillin. blaTEM and blaCTX were detected in the DNA of the resistant clones after transfection. This study indicates that phages are reservoirs of resistance genes in the environment.",https://openalex.org/W2055101979,in_scope,,,,
B0070,doi:10.3389/fpls.2024.1426035,38899156,"Corrigendum: LocoGSE, a sequence-based genome size estimator for plants.",Frontiers in plant science,2024,"Pierre Guenzi-Tiberi, Benjamin Istace, Inger Greve Alsos, PhyloNorway Consortium, Eric Coissac, Sébastien Lavergne, PhyloAlps Consortium, Jean-Marc Aury, France Denoeud",10.3389/fpls.2024.1426035,[This corrects the article DOI: 10.3389/fpls.2024.1328966.].,https://pubmed.ncbi.nlm.nih.gov/38899156/,out_of_scope,,,,
B0071,doi:10.3390/microorganisms8030417,32188048,A Review and Perspective of eDNA Application to Eutrophication and HAB Control in Freshwater and Marine Ecosystems.,Microorganisms,2020,"Qi Liu, Yun Zhang, Han Wu, Fengwen Liu, Wei Peng, Xiaonan Zhang, Fengqin Chang, Ping Xie, Hucai Zhang",10.3390/microorganisms8030417,"Changing ecological communities in response to anthropogenic activities and climate change has become a worldwide problem. The eutrophication of waterbodies in freshwater and seawater caused by the effects of human activities and nutrient inputs could result in harmful algae blooms (HABs), decreases water quality, reductions in biodiversity and threats to human health. Rapid and accurate monitoring and assessment of aquatic ecosystems are imperative. Environmental DNA (eDNA) analysis using high-throughput sequencing has been demonstrated to be an effective and sensitive assay for detecting and monitoring single or multiple species in different samples. In this study, we review the potential applications of eDNA approaches in controlling and mitigating eutrophication and HABs in freshwater and marine ecosystems. We use recent studies to highlight how eDNA methods have been shown to be a useful tool for providing comprehensive data in studies of eutrophic freshwater and marine environments. We also provide perspectives on using eDNA techniques to reveal molecular mechanisms in biological processes and mitigate eutrophication and HABs in aquatic ecosystems. Finally, we discuss the feasible applications of eDNA for monitoring biodiversity, surveying species communities and providing instructions for the conservation and management of the environment by integration with traditional methods and other advanced techniques.",https://pubmed.ncbi.nlm.nih.gov/32188048/,in_scope,,,,
B0072,doi:10.7717/peerj.13157,35462762,Concentration and quantification of Tilapia tilapinevirus from water using a simple iron flocculation coupled with probe-based RT-qPCR.,PeerJ,2022,"Suwimon Taengphu, Pattanapon Kayansamruaj, Yasuhiko Kawato, Jerome Delamare-Deboutteville, Chadag Vishnumurthy Mohan, Ha Thanh Dong, Saengchan Senapin",10.7717/peerj.13157,"Tilapia tilapinevirus, also known as tilapia lake virus (TiLV), is a significant virus that is responsible for the die-off of farmed tilapia across the globe. The detection and quantification of the virus using environmental RNA (eRNA) from pond water samples represents a potentially non-invasive and routine strategy for monitoring pathogens and early disease forecasting in aquaculture systems. Here, we report a simple iron flocculation method for concentrating viruses in water, together with a newly-developed hydrolysis probe quantitative RT-qPCR method for the detection and quantification of TiLV. The RT-qPCR method designed to target a conserved region of the TiLV genome segment 9 has a detection limit of 10 viral copies per µL of template. The method had a 100% analytical specificity and sensitivity for TiLV. The optimized iron flocculation method was able to recover 16.11 ± 3.3% of the virus from water samples spiked with viral cultures. Tilapia and water samples were collected for use in the detection and quantification of TiLV disease during outbreaks in an open-caged river farming system and two earthen fish farms. TiLV was detected from both clinically sick and asymptomatic fish. Most importantly, the virus was successfully detected from water samples collected from different locations in the affected farms (i.e., river water samples from affected cages (8.50 × 103 to 2.79 × 105 copies/L) and fish-rearing water samples, sewage, and reservoir (4.29 × 103 to 3.53 × 104 copies/L)). By contrast, TiLV was not detected in fish or water samples collected from two farms that had previously experienced TiLV outbreaks and from one farm that had never experienced a TiLV outbreak. In summary, this study suggests that the eRNA detection system using iron flocculation, coupled with probe based-RT-qPCR, is feasible for use in the concentration and quantification of TiLV from water. This approach may be useful for the non-invasive monitoring of TiLV in tilapia aquaculture systems and may support evidence-based decisions on biosecurity interventions needed.",https://pubmed.ncbi.nlm.nih.gov/35462762/,in_scope,,,,
B0073,doi:10.1016/j.jenvman.2024.120949,38657416,An overlooked source of false positives in eDNA-based biodiversity assessment and management.,Journal of environmental management,2024,"Wei Xiong, Hugh J MacIsaac, Aibin Zhan",10.1016/j.jenvman.2024.120949,"Biodiversity conservation and management in urban aquatic ecosystems is crucial to human welfare, and environmental DNA (eDNA)-based methods have become popular in biodiversity assessment. Here we report a highly overlooked source of significant false positives for eDNA-based biodiversity assessment in urban aquatic ecosystems supplied with treated wastewater - eDNA pollution originating from treated wastewater represents a noteworthy source of false positives. To investigate whether eDNA pollution is specific to a certain treatment or prevalent across methods employed by wastewater treatment plants, we conducted tests on effluent treated using three different secondary processes, both before and after upgrades to tertiary treatment. We metabarcoded eDNA collected from effluent immediately after full treatment and detected diverse native and non-native, commercial and ornamental fishes (48 taxa) across all treatment processes before and after upgrades. Thus, eDNA pollution occurred irrespective of the treatment processes applied. Release of eDNA pollution into natural aquatic ecosystems could translate into false positives for eDNA-based analysis. We discuss and propose technical solutions to minimize these false positives in environmental nucleic acid-based biodiversity assessments and conservation programs.",https://pubmed.ncbi.nlm.nih.gov/38657416/,in_scope,,,,
B0074,doi:10.1371/journal.pntd.0009175,33760814,Detecting and identifying Schistosoma infections in snails and aquatic habitats: A systematic review.,PLoS neglected tropical diseases,2021,"Bishoy Kamel, Martina R Laidemitt, Lijun Lu, Caitlin Babbitt, Ola Liota Weinbaum, Gerald M Mkoji, Eric S Loker",10.1371/journal.pntd.0009175,"We were tasked by the World Health Organization (WHO) to address the following question: What techniques should be used to diagnose Schistosoma infections in snails and in the water in potential transmission sites? Our goal was to review and evaluate the available literature and provide recommendations and insights for the development of WHO's Guidelines Development Group for schistosomiasis control and elimination. We searched several databases using strings of search terms, searched bibliographies of pertinent papers, and contacted investigators who have made contributions to this field. Our search covered from 1970 to Sept 2020. All papers were considered in a PRISMA (Preferred Reporting Items for Systematic Reviews and Meta-Analyses) framework, and retained papers were grouped by technique and subjected to our GRADE (Grading of Recommendations, Assessment, Development and Evaluations) evidence assessment profile determined in consultation with WHO. We also considered issues of sensitivity, specificity, coverage, cost, robustness, support needs, schistosome species discrimination, and relevant detection limits. Our PRISMA process began with the perusal of 949 articles, of which 158 were retained for data extraction and evaluation. We identified 25 different techniques and for each applied a GRADE assessment considering limitations, inconsistency, imprecision, indirectness, and publication bias. We also provide advantages and disadvantages for each category of techniques. Our GRADE analysis returned an assessment of moderate quality of evidence for environmental DNA (eDNA), qPCR and LAMP (Loop-mediated isothermal amplification). No single ideal diagnostic approach has yet been developed, but considerable recent progress has been made. We note a growing trend to use eDNA techniques to permit more efficient and replicable sampling. qPCR-based protocols for follow-up detection offer a versatile, mature, sensitive, and specific platform for diagnosis though centralized facilities will be required to favor standardization. Droplet digital PCR (ddPCR) can play a complementary role if inhibitors are a concern, or more sensitivity or quantification is needed. Snail collection, followed by shedding, is encouraged to provide specimens for sequence verifications of snails or schistosomes. LAMP or other isothermal detection techniques offer the prospect of less expensive and more distributed network of analysis but may face standardization and verification challenges related to actual sequences amplified. Ability to detect schistosome infections in snails or in the water is needed if control and elimination programs hope to succeed. Any diagnostic techniques used need to be regularly verified by the acquisition of DNA sequences to confirm that the detected targets are of the expected species. Further improvements may be necessary to identify the ideal schistosome or snail sequences to target for amplification. More field testing and standardization will be essential for long-term success.",https://pubmed.ncbi.nlm.nih.gov/33760814/,in_scope,,,,
B0075,doi:10.1016/j.biocon.2015.12.023,,Understanding environmental DNA detection probabilities: A case study using a stream-dwelling char Salvelinus fontinalis,Biological Conservation,2015,"Taylor M. Wilcox, Kevin S. McKelvey, Michael K. Young, Adam J. Sepulveda, Bradley B. Shepard, Stephen F. Jane, Andrew R. Whiteley, Winsor H. Lowe, Michael K. Schwartz",10.1016/j.biocon.2015.12.023,"Environmental DNA sampling (eDNA) has emerged as a powerful tool for detecting aquatic animals. Previous research suggests that eDNA methods are substantially more sensitive than traditional sampling. However, the factors influencing eDNA detection and the resulting sampling costs are still not well understood. Here we use multiple experiments to derive independent estimates of eDNA production rates and downstream persistence from brook trout (Salvelinus fontinalis) in streams. We use these estimates to parameterize models comparing the false negative detection rates of eDNA sampling and traditional backpack electrofishing. We find that using the protocols in this study eDNA had reasonable detection probabilities at extremely low animal densities (e.g., probability of detection 0.18 at densities of one fish per stream kilometer) and very high detection probabilities at population-level densities (e.g., probability of detection > 0.99 at densities of ≥ 3 fish per 100 m). This is substantially more sensitive than traditional electrofishing for determining the presence of brook trout and may translate into important cost savings when animals are rare. Our findings are consistent with a growing body of literature showing that eDNA sampling is a powerful tool for the detection of aquatic species, particularly those that are rare and difficult to sample using traditional methods.",https://openalex.org/W2206920360,in_scope,,,,
B0076,doi:10.1002/ece3.4843,30805162,Species-level biodiversity assessment using marine environmental DNA metabarcoding requires protocol optimization and standardization.,Ecology and evolution,2019,"Gert-Jan Jeunen, Michael Knapp, Hamish G Spencer, Helen R Taylor, Miles D Lamare, Michael Stat, Michael Bunce, Neil J Gemmell",10.1002/ece3.4843,"DNA extraction from environmental samples (environmental DNA; eDNA) for metabarcoding-based biodiversity studies is gaining popularity as a noninvasive, time-efficient, and cost-effective monitoring tool. The potential benefits are promising for marine conservation, as the marine biome is frequently under-surveyed due to its inaccessibility and the consequent high costs involved. With increasing numbers of eDNA-related publications have come a wide array of capture and extraction methods. Without visual species confirmation, inconsistent use of laboratory protocols hinders comparability between studies because the efficiency of target DNA isolation may vary. We determined an optimal protocol (capture and extraction) for marine eDNA research based on total DNA yield measurements by comparing commonly employed methods of seawater filtering and DNA isolation. We compared metabarcoding results of both targeted (small taxonomic group with species-level assignment) and universal (broad taxonomic group with genus/family-level assignment) approaches obtained from replicates treated with the optimal and a low-performance capture and extraction protocol to determine the impact of protocol choice and DNA yield on biodiversity detection. Filtration through cellulose-nitrate membranes and extraction with Qiagen's DNeasy Blood & Tissue Kit outperformed other combinations of capture and extraction methods, showing a ninefold improvement in DNA yield over the poorest performing methods. Use of optimized protocols resulted in a significant increase in OTU and species richness for targeted metabarcoding assays. However, changing protocols made little difference to the OTU and taxon richness obtained using universal metabarcoding assays. Our results demonstrate an increased risk of false-negative species detection for targeted eDNA approaches when protocols with poor DNA isolation efficacy are employed. Appropriate optimization is therefore essential for eDNA monitoring to remain a powerful, efficient, and relatively cheap method for biodiversity assessments. For seawater, we advocate filtration through cellulose-nitrate membranes and extraction with Qiagen's DNeasy Blood & Tissue Kit or phenol-chloroform-isoamyl for successful implementation of eDNA multi-marker metabarcoding surveys.",https://pubmed.ncbi.nlm.nih.gov/30805162/,in_scope,,,,
B0077,doi:10.1111/mec.13147,25753913,Niche partitioning in arbuscular mycorrhizal communities in temperate grasslands: a lesson from adjacent serpentine and nonserpentine habitats.,Molecular ecology,2015,"Petr Kohout, Pavla Doubková, Mohammad Bahram, Jan Suda, Leho Tedersoo, Jana Voříšková, Radka Sudová",10.1111/mec.13147,"Arbuscular mycorrhizal fungi (AMF) represent an important soil microbial group playing a fundamental role in many terrestrial ecosystems. We explored the effects of deterministic (soil characteristics, host plant life stage, neighbouring plant communities) and stochastic processes on AMF colonization, richness and community composition in roots of Knautia arvensis (Dipsacaceae) plants from three serpentine grasslands and adjacent nonserpentine sites. Methodically, the study was based on 454-sequencing of the ITS region of rDNA. In total, we detected 81 molecular taxonomical operational units (MOTUs) belonging to the Glomeromycota. Serpentine character of the site negatively influenced AMF root colonization, similarly as higher Fe concentration. AMF MOTUs richness linearly increased along a pH gradient from 3.5 to 5.8. Contrary, K and Cr soil concentration had a negative influence on AMF MOTUs richness. We also detected a strong relation between neighbouring plant community composition and AMF MOTUs richness. Although spatial distance between the sampled sites (c. 0.3-3 km) contributed to structuring AMF communities in K. arvensis roots, environmental parameters were key factors in this respect. In particular, the composition of AMF communities was shaped by the complex of serpentine conditions, pH and available soil Ni concentration. The composition of AMF communities was also dependent on host plant life stage (vegetative vs. generative). Our study supports the dominance of deterministic factors in structuring AMF communities in heterogeneous environment composed of an edaphic mosaic of serpentine and nonserpentine soils.",https://pubmed.ncbi.nlm.nih.gov/25753913/,out_of_scope,,,,
B0078,doi:10.1016/j.marenvres.2025.107632,41264972,Environmental RNA mitigates fish ghosts associated with fish feeds for aquaculture in molecular ecological survey in a bay.,Marine environmental research,2025,"Kaede Miyata, Yasuaki Inoue, Natsumi Kitazaki, Keisuke Nakane, Fumihito Kato, Hiroyuki Konishi, Masayuki Yamane, Koji Mine, Hiroshi Honda",10.1016/j.marenvres.2025.107632,"The use of environmental DNA (eDNA) for molecular ecological surveys has become widespread in ecological assessments of different water environments, including river, coastal, and marine areas. Considering potential contamination by environmental nucleic acids is crucial when interpreting these results. Research on fish ghosts, i.e., false positives generated by eDNA present in fish feed, remains limited, we examined the fish species present in the feed that may influence surveys near aquaculture facilities and fish processing plants using metabarcoding analysis of eDNA/RNA. Additionally, we simultaneously assessed whether the fish species present in the feed used for aquaculture in a heavily cultivated bay could be detected via metabarcoding analysis. Thus, we evaluated whether fish species present in the feed could be detected in ecological surveys in the marine environment. Overall, 51 fish species (DNA: 46, RNA: 31) were detected in 3 fish feed types. The detected species in DNA were more than those in RNA. Furthermore, the common species that were detected in feed and water samples in the bay were remarkably higher in eDNA than in eRNA. Moreover, the number of species detected in the eDNA tended to be maintained at a greater distance from the fishpond where they originated than those detected in the eRNA. Thus, eRNA is useful for fish ecosystem surveys in bays contaminated by fish feed owing to the lower RNA content in the samples than DNA and because it is not easily detected and diffused in the environment.",https://pubmed.ncbi.nlm.nih.gov/41264972/,in_scope,,,,
B0079,doi:10.1002/edn3.169,,Messenger RNA typing of environmental RNA (eRNA): A case study on zebrafish tank water with perspectives for the future development of eRNA analysis on aquatic vertebrates,Environmental DNA,2021,"Kenji Tsuri, Shizuya Ikeda, Takaya Hirohara, Yasuhito Shimada, Toshifumi Minamoto, Hiroki Yamanaka",10.1002/edn3.169,"As an alternative/supplement to conventional biodiversity survey methods, environmental DNA (eDNA) analysis has developed rapidly during the past decade, and is widely used for the biomonitoring of wildlife. However, the interpretation of eDNA results has been limited to the presence/absence or biomass/abundance of the target species because of uncertainty regarding the dynamics of eDNA in natural environments. This limitation may be ameliorated by targeting environmental RNA (eRNA). RNA is more prone to degrade than DNA and the pattern of messenger RNA (mRNA) expression changes depending on physiological conditions, meaning that the presence or concentration of mRNA could reflect the organism's presence with higher temporal resolution and provide information beyond simple presence/absence. Technical developments in the detection of eRNA focusing on mRNA with these distinct features could permit the advanced usage of genetic materials in water. In advancing this technique, we initiated this study asking that if we can detect elevated levels of eRNA whose genes are specific to a tissue source (e.g., gills or skin), then could not we infer the tissue origin of the genetic material detected. To this end, we developed gene‐specific primer sets for the target genes with biased expression in the gills, skin, and intestine, and conducted reverse transcription–polymerase chain reaction on zebrafish breeding tank water samples, obtaining positive results for all assays. The result of our experiment confirmed that the specific target tissues can be the source of genetic materials detected in water and with that we offer a proof of concept for eRNA analysis targeting specific mRNAs of aquatic vertebrates. In this commentary, we provide information on the experimental steps used for mRNA typing of eRNA from zebrafish as well as the limitations and challenges of this technique and the prospect of mRNA typing of eRNA in the future.",https://doi.org/10.1002/edn3.169,in_scope,,,,
B0080,doi:10.1155/2022/8069858,35600050,A Two-eRNA-Based Signature Can Impact the Immune Status and Predict the Prognosis and Drug Sensitivity of Lung Adenocarcinoma.,Journal of immunology research,2022,"Li Wang, Shao-Quan Zhou, Yu Zhou, Jia-Xi Lu",10.1155/2022/8069858,"Enhancer RNAs (eRNAs) are intergenic long noncoding RNAs (lncRNAs) participating in the development of malignant cancers via targeting cancer-associated genes and immune checkpoints. Immune infiltration of the tumor microenvironment was positively associated with overall survival (OS) in lung adenocarcinoma (LUAD). In this study, we aimed to explore the clinical significance of PCBP1-AS1 in LUAD and developed a novel prognostic signature based on two eRNAs. Our team discovered that the expression of PCBP1-AS1 was distinctly downregulated in LUAD specimens compared with nontumor specimens. Lower PCBP1-AS1 expression was related to advanced clinical stages and poor prognosis. KEGG analysis unveiled that the coexpression genes of PCBP1-AS1 were involved in the regulation of several tumor-related pathways. In addition, remarkable associations were observed between the expression of PCBP1-AS1 and the levels of several immune cells. Then, we used PCBP1-AS1 and TBX5-AS1 to develop a prognostic model. Survival assays unveiled that patients with higher risk scores exhibited a shorter OS in contrast to patients with lower risk scores. In addition, multivariable Cox regressive analysis indicated that the risk score was an independent prediction factor in LUAD sufferers. The anticancer drug sensitivity analysis indicated that risk score had a positive relationship with several anticancer drugs. Taken together, our findings indicated PCBP1-AS1 as a function modulator in LUAD development. In addition, we constructed a robust immune-related eRNA signature which might be a clinical prognosis factor for LUAD patients.",https://pubmed.ncbi.nlm.nih.gov/35600050/,out_of_scope,,,,
B0081,doi:10.1371/journal.pone.0222883,31725720,Development and validation of rapid environmental DNA (eDNA) detection methods for bog turtle (Glyptemys muhlenbergii).,PloS one,2019,"Anish A Kirtane, Maxwell L Wilder, Hyatt C Green",10.1371/journal.pone.0222883,"Bog turtles (Glyptemys muhlenbergii) are listed as Species of Greatest Conservation Need (SGCN) for wildlife action plans in every state it occurs and multi-state efforts are underway to better characterize extant populations and prioritize restoration efforts. However, traditional sampling methods can be ineffective due to the turtle's wetland habitat, small size, and burrowing nature. Molecular methods, such as qPCR, provide the ability to overcome this challenge by effectively quantifying minute amounts of turtle DNA left behind in its environment (eDNA). Developing such methods for bog turtles has proved difficult partly because of the high sequence similarity between bog turtles and closely-related, cohabitating species, most often wood turtles (Glyptemys insculpta). Additionally, substrates containing bog turtle eDNA are often rich in organics or other substances that frequently inhibit both DNA extraction and qPCR amplification. Here, we describe the development and validation of a qPCR assay, BT3, targeting the mitochondrial cytochrome oxidase I gene that correctly identifies bog turtles with 100% specificity and sensitivity when tested on 201 blood samples collected from six species over a wide geographic range. We also developed a full-process internal control employing a genetically modified strain of Caenorhabditis elegans to improve DNA extraction methods, limit false negative results due to qPCR inhibition, and measure total DNA recovery from each sample. Using the internal control, we found that DNA recovery varied by over an order of magnitude between samples and likely explains the lack of bog turtle detection in some cases. Methods presented herein are highly-specific and may offer a more cost effective, non-invasive tool to supplement bog turtle population assessments in the Eastern United States. Poor or differential DNA recovery, which remains unmeasured in the vast majority of eDNA studies, significantly reduced the ability to detect bog turtle in their natural environment.",https://pubmed.ncbi.nlm.nih.gov/31725720/,in_scope,,,,
B0082,doi:10.1038/s44319-024-00264-w,39322743,Environmental DNA without borders : Let's embrace decentralised genomics to meet the UN's biodiversity targets.,EMBO reports,2024,"Maximilian R Stammnitz, Amber Hartman Scholz, David J Duffy",10.1038/s44319-024-00264-w,"Towards the 10th anniversary of the Nagoya Protocol, it is time to embrace key technology developments and adapt existing red tape for genomic monitoring. [Image: see text]",https://pubmed.ncbi.nlm.nih.gov/39322743/,in_scope,,,,
B0083,doi:10.1002/ece3.8150,34765130,How many replicates to accurately estimate fish biodiversity using environmental DNA on coral reefs?,Ecology and evolution,2021,"Salomé Stauffer, Meret Jucker, Thomas Keggin, Virginie Marques, Marco Andrello, Sandra Bessudo, Marie-Charlotte Cheutin, Giomar Helena Borrero-Pérez, Eilísh Richards, Tony Dejean, Régis Hocdé, Jean-Baptiste Juhel, Felipe Ladino, Tom B Letessier, Nicolas Loiseau, Eva Maire, David Mouillot, Maria Mutis Martinezguerra, Stéphanie Manel, Andrea Polanco Fernández, Alice Valentini, Laure Velez, Camille Albouy, Loïc Pellissier, Conor Waldock",10.1002/ece3.8150,"Quantifying fish species diversity in rich tropical marine environments remains challenging. Environmental DNA (eDNA) metabarcoding is a promising tool to face this challenge through the filtering, amplification, and sequencing of DNA traces from water samples. However, because eDNA concentration is low in marine environments, the reliability of eDNA to detect species diversity can be limited. Using an eDNA metabarcoding approach to identify fish Molecular Taxonomic Units (MOTUs) with a single 12S marker, we aimed to assess how the number of sampling replicates and filtered water volume affect biodiversity estimates. We used a paired sampling design of 30 L per replicate on 68 reef transects from 8 sites in 3 tropical regions. We quantified local and regional sampling variability by comparing MOTU richness, compositional turnover, and compositional nestedness. We found strong turnover of MOTUs between replicated pairs of samples undertaken in the same location, time, and conditions. Paired samples contained non-overlapping assemblages rather than subsets of one another. As a result, non-saturated localized diversity accumulation curves suggest that even 6 replicates (180 L) in the same location can underestimate local diversity (for an area <1 km). However, sampling regional diversity using ~25 replicates in variable locations (often covering 10 s of km) often saturated biodiversity accumulation curves. Our results demonstrate variability of diversity estimates possibly arising from heterogeneous distribution of eDNA in seawater, highly skewed frequencies of eDNA traces per MOTU, in addition to variability in eDNA processing. This high compositional variability has consequences for using eDNA to monitor temporal and spatial biodiversity changes in local assemblages. Avoiding false-negative detections in future biomonitoring efforts requires increasing replicates or sampled water volume to better inform management of marine biodiversity using eDNA.",https://pubmed.ncbi.nlm.nih.gov/34765130/,in_scope,,,,
B0084,doi:10.1002/zoo.21380,28901631,Equine behavioral enrichment toys as tools for non-invasive recovery of viral and host DNA.,Zoo biology,2017,"Peter A Seeber, Sanatana E Soilemetzidou, Marion L East, Chris Walzer, Alex D Greenwood",10.1002/zoo.21380,"Direct collection of samples from wildlife can be difficult and sometimes impossible. Non-invasive remote sampling for the purpose of DNA extraction is a potential tool for monitoring the presence of wildlife at the individual level, and for identifying the pathogens shed by wildlife. Equine herpesviruses (EHV) are common pathogens of equids that can be fatal if transmitted to other mammals. Transmission usually occurs by nasal aerosol discharge from virus-shedding individuals. The aim of this study was to validate a simple, non-invasive method to track EHV shedding in zebras and to establish an efficient protocol for genotyping individual zebras from environmental DNA (eDNA). A commercially available horse enrichment toy was deployed in captive Grévy's, mountain, and plains zebra enclosures and swabbed after 4-24 hr. Using eDNA extracted from these swabs four EHV strains (EHV-1, EHV-7, wild ass herpesvirus and zebra herpesvirus) were detected by PCR and confirmed by sequencing, and 12 of 16 zebras present in the enclosures were identified as having interacted with the enrichment toy by mitochondrial DNA amplification and sequencing. We conclude that, when direct sampling is difficult or prohibited, non-invasive sampling of eDNA can be a useful tool to determine the genetics of individuals or populations and for detecting pathogen shedding in captive wildlife.",https://pubmed.ncbi.nlm.nih.gov/28901631/,in_scope,,,,
B0085,doi:10.1002/edn3.221,,Fish community shifts along a strong fluvial environmental gradient revealed by eDNA metabarcoding,Environmental DNA,2022,"Erik García‐Machado, Martin Laporte, Eric Normandeau, Cecilia Hernández, Guillaume Côté, Yves Paradis, Marc Mingelbier, Louis Bernatchez",10.1002/edn3.221,"Large rivers and their estuaries are structurally complex and comprise a diversity of habitats supporting a rich biodiversity. As a result, identifying and monitoring fish communities using traditional methods in such systems may often be logistically challenging. Using the mitochondrial DNA 12S MiFish primers, we performed an eDNA metabarcoding analysis to assess the effect of spatial and environmental factors on the variation of the fish community structure along most of the St. Lawrence River/Estuary/Gulf (Québec Canada), a transect spanning 1300 km across a diversity of habitats from a fluviatile non‐tidal section to a marine environment. A total of 129 species were identified including freshwater and marine species. For the freshwater sectors, eDNA identified 80 species compared with the 85 species previously reported based on conventional sampling. eDNA also revealed similar species diversity and communities in the fluviatile section of the St. Lawrence River. Furthermore, our study improved current knowledge about the brackish and marine sections by describing community transition between freshwater and marine fish communities in association with a drastic shift in environmental conditions observed between the end of the fluvial estuary and the beginning of the middle (brackish) estuary. Altogether, this study exemplifies how eDNA metabarcoding is a powerful tool to document fish community shifts in large temperate lotic ecosystems.",https://doi.org/10.1002/edn3.221,in_scope,,,,
B0086,doi:10.1016/j.isci.2026.114632,41623457,Environmental insights from non-target detections in urban eDNA metabarcoding.,iScience,2026,"Yujin Kang, Youngkeun Song",10.1016/j.isci.2026.114632,"Metabarcoding amplifies environmental DNA (eDNA) but often yields non-target taxa and false positives. Urban ecosystems are particularly prone to such detections due to inflows of external genetic material, yet their interpretation in urban eDNA studies remains unclear. This study examined non-target occurrences from fish-targeted metabarcoding in inland urban freshwater systems and proposes a perspective on interpreting such detections as ecologically meaningful signals rather than analytical noise. From 32 samples, 27.8% of total reads were non-targets, including 30 species from 21 families of non-target taxa and 35 species from 20 families of marine fish. Non-target taxa were most common in rivers, whereas marine fish appeared near wastewater facilities, reflecting human-derived inputs. These findings highlight that unexpected eDNA detections may reveal overlooked ecological and anthropogenic signals, offering insights for more reliable biodiversity assessment and management in urban ecosystems.",https://pubmed.ncbi.nlm.nih.gov/41623457/,in_scope,,,,
B0087,doi:10.1016/j.molcel.2015.01.013,,Phase Transition of a Disordered Nuage Protein Generates Environmentally Responsive Membraneless Organelles,Molecular Cell,2015,"Timothy J. Nott, Evangelia Petsalaki, Patrick Farber, Dylan Jervis, Eden Fussner, Anne Plochowietz, Timothy D. Craggs, David P. Bazett‐Jones, Tony Pawson, Julie D. Forman‐Kay, Andrew J. Baldwin",10.1016/j.molcel.2015.01.013,"Cells chemically isolate molecules in compartments to both facilitate and regulate their interactions. In addition to membrane-encapsulated compartments, cells can form proteinaceous and membraneless organelles, including nucleoli, Cajal and PML bodies, and stress granules. The principles that determine when and why these structures form have remained elusive. Here, we demonstrate that the disordered tails of Ddx4, a primary constituent of nuage or germ granules, form phase-separated organelles both in live cells and in vitro. These bodies are stabilized by patterned electrostatic interactions that are highly sensitive to temperature, ionic strength, arginine methylation, and splicing. Sequence determinants are used to identify proteins found in both membraneless organelles and cell adhesion. Moreover, the bodies provide an alternative solvent environment that can concentrate single-stranded DNA but largely exclude double-stranded DNA. We propose that phase separation of disordered proteins containing weakly interacting blocks is a general mechanism for forming regulated, membraneless organelles.",https://openalex.org/W2168639701,out_of_scope,,,,
B0088,doi:10.7554/elife.84553,38153986,Non-invasive real-time genomic monitoring of the critically endangered kākāpō.,eLife,2023,"Lara Urban, Allison K Miller, Daryl Eason, Deidre Vercoe, Megan Shaffer, Shaun P Wilkinson, Gert-Jan Jeunen, Neil J Gemmell, Andrew Digby",10.7554/eLife.84553,"We used non-invasive real-time genomic approaches to monitor one of the last surviving populations of the critically endangered kākāpō (Strigops habroptilus). We first established an environmental DNA metabarcoding protocol to identify the distribution of kākāpō and other vertebrate species in a highly localized manner using soil samples. Harnessing real-time nanopore sequencing and the high-quality kākāpō reference genome, we then extracted species-specific DNA from soil. We combined long read-based haplotype phasing with known individual genomic variation in the kākāpō population to identify the presence of individuals, and confirmed these genomically informed predictions through detailed metadata on kākāpō distributions. This study shows that individual identification is feasible through nanopore sequencing of environmental DNA, with important implications for future efforts in the application of genomics to the conservation of rare species, potentially expanding the application of real-time environmental DNA research from monitoring species distribution to inferring fitness parameters such as genomic diversity and inbreeding.",https://pubmed.ncbi.nlm.nih.gov/38153986/,in_scope,,,,
B0089,doi:10.1001/archgenpsychiatry.2011.76,,Genetic Heritability and Shared Environmental Factors Among Twin Pairs With Autism,Archives of General Psychiatry,2011,Joachim Hallmayer,10.1001/archgenpsychiatry.2011.76,Susceptibility to ASD has moderate genetic heritability and a substantial shared twin environmental component.,https://openalex.org/W2167684047,out_of_scope,,,,
B0090,doi:10.1128/spectrum.00219-22,36301126,MicroRNA-like RNA Functions Are Required for the Biosynthesis of Active Compounds in the Medicinal Fungus Sanghuangporus vaninii.,Microbiology spectrum,2022,"Qiumei Zhou, Xuebing Yin, Hanghang Zhang, Yulong Wang",10.1128/spectrum.00219-22,"miRNA-like RNAs (milRNAs) have been recognized as sequence-specific regulators of posttranscriptional regulation of gene expression in eukaryotes. However, the functions of hundreds of fungal milRNAs in the biosynthesis of metabolic components are obscure. Sanghuangporus produces diverse bioactive compounds and is widely used in Asian countries. Here, genes encoding two Dicers, four Argonautes, and four RdRPs were identified and characterized in Sanghuangporus vanini. Due to the lack of an efficient gene manipulation system, the efficacy of spray-induced gene silencing (SIGS) was determined in S. vanini, which showed efficient double-stranded RNA (dsRNA) uptake and gene silencing efficiency. SIGS-mediated gene knockdown showed that SVRDRP-3, SVRDRP-4, SVDICER-1, and SVDICER-2 were critical for mycelial biomass, flavonoid, triterpenoid, and polysaccharide production. Illumina deep sequencing was performed to characterize the milRNAs from S. vanini mycelium and fruiting body. A total of 31 milRNAs were identified, out of which, SvmilR10, SvmilR17, and SvmilR33 were Svrdrp-4- and Svdicer-1-dependent milRNAs. Importantly, SIGS-mediated overexpression of SvmilR10 and SvmilR33 resulted in significant changes in the yields of flavonoids, triterpenoids, and polysaccharides. Further analysis showed that these milRNA target genes encoding the retrotransposon-derived protein PEG1 and histone-lysine N-methyltransferase were potentially downregulated in the milRNA overexpressing strain. Our results revealed that S. vanini has high external dsRNA and small RNA uptake efficiency and that milRNAs may play crucial regulatory roles in the biosynthesis of bioactive compounds. IMPORTANCE Fungi can take up environmental RNA that can silence fungal genes with RNA interference, which prompts the development of SIGS. Efficient dsRNA and milRNA uptake in S. vanini, successful dsRNA-targeted gene block, and the increase in intracellular miRNA abundance showed that SIGS technology is an effective and powerful tool for the functional dissection of fungal genes and millRNAs. We found that the RdRP, Dicer, and Argonaute genes are critical for mycelial biomass and bioactive compound production. Our study also demonstrated that overexpressed SVRDRP-4- and SVDICER-1-dependent milRNAs (SvmilR10 and SvmilR33) led to significant changes in the yields of the three active compounds. This study not only provides the first report on SIGS-based gene and milRNA function exploration, but also provides a theoretical platform for exploration of the functions of milRNAs involved in biosynthesis of metabolic compounds in fungi.",https://pubmed.ncbi.nlm.nih.gov/36301126/,out_of_scope,,,,
B0091,doi:10.1038/s41598-025-87917-5,39880967,Unexpected species diversity in the understanding of selenium-containing soil invertebrates.,Scientific reports,2025,"Bin Mao, XiangLiang Fang, HongLing Lei, YunLi Xiao, Yue Fu",10.1038/s41598-025-87917-5,"Yutangba, situated in Enshi City, Hubei Province, is globally noted for its high selenium (Se) content. Soil invertebrates are essential to the functionality and services of terrestrial ecosystems, yet their community composition in this region remains under-explored. This study utilized environmental DNA metabarcoding to investigate the interrelations among environmental factors, soil invertebrate diversity, and community characteristics concerning soil Se content, pH, and moisture content in the region. Environmental factors such as Se concentration, water content, and pH were strongly associated with species beta diversity of soil invertebrates in Se-rich areas, reshaping their distribution and abundance, while alpha diversity remained relatively stable. Among these, Se notably emerges as the primary regulatory factor increasing soil invertebrate diversity. The acidic soil pH, along with moisture, plays a fine-tuning role in regulating the species richness and community composition. Unexpectedly, certain species, such as the Formicidae (ants, e.g., Odontomachus troglodytes), the Noctuidae (e.g., Diarsia rosaria), and the annelid Haplotaxida Perionyx excavates, exhibit a strong positive association with Se, indicating a high level of Se tolerance among the native species. This novel perspective reveals the complex role of Se in soil ecosystems, emphasizing the necessity of understanding its ecological functions and potential implications for ecosystem health and stability.",https://pubmed.ncbi.nlm.nih.gov/39880967/,in_scope,,,,
B0092,doi:10.2136/vzj2010.0139,,A Network of Terrestrial Environmental Observatories in Germany,Vadose Zone Journal,2011,"Steffen Zacharias, Heye Bogena, Luis Samaniego, Matthias Mauder, Roland Fuß, Thomas Pütz, Mark Frenzel, Mike Schwank, Cornelia Baeßler, Klaus Butterbach‐Bahl, Oliver Bens, Erik Borg, Achim Brauer, Peter Dietrich, Irena Hajnsek, Gerhard Helle, Ralf Kiese, Harald Kunstmann, Stefan Klotz, Jean Charles Munch, H. Papen, Eckart Priesack, Hans Peter Schmid, R. Steinbrecher, U. Rosenbaum, Georg Teutsch, Harry Vereecken",10.2136/vzj2010.0139,"Multicompartment and multiscale long‐term observation and research are important prerequisites to tackling the scientific challenges resulting from climate and global change. Long‐term monitoring programs are cost intensive and require high analytical standards, however, and the gain of knowledge often requires longer observation times. Nevertheless, several environmental research networks have been established in recent years, focusing on the impact of climate and land use change on terrestrial ecosystems. From 2008 onward, a network of Terrestrial Environmental Observatories (TERENO) has been established in Germany as an interdisciplinary research program that aims to observe and explore the long‐term ecological, social, and economic impacts of global change at the regional level. State‐of‐the‐art methods from the field of environmental monitoring, geophysics, and remote sensing will be used to record and analyze states and fluxes for different environmental compartments from groundwater through the vadose zone, surface water, and biosphere, up to the lower atmosphere.",https://openalex.org/W2086373815,out_of_scope,,,,
B0093,doi:10.1371/journal.pone.0210357,30703107,Environmental DNA metabarcoding for fish community analysis in backwater lakes: A comparison of capture methods.,PloS one,2019,"Kazuya Fujii, Hideyuki Doi, Shunsuke Matsuoka, Mariko Nagano, Hirotoshi Sato, Hiroki Yamanaka",10.1371/journal.pone.0210357,"The use of environmental DNA (eDNA) methods for community analysis has recently been developed. High-throughput parallel DNA sequencing (HTS), called eDNA metabarcoding, has been increasingly used in eDNA studies to examine multiple species. However, eDNA metabarcoding methodology requires validation based on traditional methods in all natural ecosystems before a reliable method can be established. To date, relatively few studies have performed eDNA metabarcoding of fishes in aquatic environments where fish communities were intensively surveyed using multiple traditional methods. Here, we have compared fish communities' data from eDNA metabarcoding with seven conventional multiple capture methods in 31 backwater lakes in Hokkaido, Japan. We found that capture and field surveys of fishes were often interrupted by macrophytes and muddy sediments in the 31 lakes. We sampled 1 L of the surface water and analyzed eDNA using HTS. We also surveyed the fish communities using seven different capture methods, including various types of nets and electrofishing. At some sites, we could not detect any eDNA, presumably because of the polymerase chain reaction (PCR) inhibition. We also detected the marine fish species as sewage-derived eDNA. Comparisons of eDNA metabarcoding and capture methods showed that the detected fish communities were similar between the two methods, with an overlap of 70%. Thus, our study suggests that to detect fish communities in backwater lakes, the performance of eDNA metabarcoding with the use of 1 L surface water sampling is similar to that of capturing methods. Therefore, eDNA metabarcoding can be used for fish community analysis but environmental factors that can cause PCR inhibition, should be considered in eDNA applications.",https://pubmed.ncbi.nlm.nih.gov/30703107/,in_scope,,,,
B0094,doi:10.1002/edn3.468,,Autonomous eDNA collection using an uncrewed surface vessel over a 4200‐km transect of the eastern Pacific Ocean,Environmental DNA,2024,"Christina Preston, Kevan Yamahara, Douglas Pargett, Chloe Weinstock, James Birch, Brent Roman, Scott Jensen, Brian Connon, Richard Jenkins, John Ryan, Christopher Scholin",10.1002/edn3.468,"The collection of environmental DNA (eDNA) samples is often laborious, costly, and logistically difficult to accomplish at high frequency in remote locations and over large geographic areas. Here, we addressed those challenges by combining two robotic technologies: an uncrewed surface vessel (USV) fitted with an automated eDNA sample collection device to survey surface waters in the eastern North Pacific Ocean from Alameda, CA to Honolulu, HI. USV Surveyor SD 1200 (Saildrone) carrying the Environmental Sample Processor (ESP) collected 2‐L water samples by filtration followed by RNAlater preservation at regular intervals over a 4200‐km, 29‐day transit. Sixty samples (52 field and 8 controls) were acquired and used to estimate the concentration of specific genes and assess eukaryotic diversity via targeted qPCR and metabarcoding of the cytochrome oxidase subunit I (COI) gene, respectively. Comparisons of control samples revealed important considerations for interpreting results. Samples stored at ambient temperatures onboard Surveyor over the length of the voyage had less total recoverable DNA and specific target gene concentrations compared to the same material immediately flash‐frozen after collection and stored in a laboratory. In contrast, the biodiversity of the COI genes in those samples was similar regardless of sample age and storage condition. COI genes affiliated with 40 eukaryotic phyla were found in native samples collected during the voyage. The distribution and dominance of those phyla varied across different regions, with some taxa spanning large continuous stretches >2000 km, while others were only detected in a single sample. This work highlights the utility and potential of using USVs fitted with autonomous eDNA sample collection devices to improve ocean exploration and support large, basin‐scale, systematic biodiversity surveys. Results of this study also inform future technical considerations for using automated eDNA samplers to acquire material and store it over prolonged periods under prevailing environmental conditions.",https://doi.org/10.1002/edn3.468,in_scope,,,,
B0095,doi:10.3114/persoonia.2025.55.08,41551220,"Phylogeny, taxonomy and geographic distribution of novel and known fungi with holoblastic-denticulate conidiogenesis in Rhamphoriales and Pleurotheciales (Sordariomycetes).",Persoonia,2025,"M Réblová, J Nekvindová, M Hernández-Restrepo, M Hradilová, M Kolařík",10.3114/persoonia.2025.55.08,"As part of a broader survey of lignicolous saprobic fungi, we investigated fungal taxa from the class Sordariomycetes displaying holoblastic-denticulate conidiogenesis, a distinct developmental process and phylogenetically informative trait. Although these fungi appear morphologically similar in culture, they represent distinct evolutionary lineages. This taxonomic study integrates comparative morphological analyses, phylogenetic reconstruction of five nuclear markers, and analysis of biogeographical patterns through environmental DNA data to introduce novel taxa in the Pleurotheciales and Rhamphoriales. A new genus and species Echinodenticula allantospora and three new species, Phaeoisaria parallela, Rhamphoriopsis cuprea and Rh. denticulata, are described. A rarely encountered species Rhamphoria separata is reported, along with its previously undocumented asexual morph. Furthermore, we successfully demonstrate the utility of two protein-coding genes, rpb2 and tef1, as complementary barcodes for distinguishing closely related Phaeoisaria species. Our findings highlight the significance of holoblastic-denticulate conidiogenesis as a diagnostic feature of the Rhamphoriales and a prevalent trait in the Pleurotheciales. An unknown ascomycete that produced only sterile mycelium in culture is described here as Melanocrypta curvata and placed at an incertae sedis position within the Sordariomycetes. Additionally, we present short-read whole-genome sequencing data for the ex-type strains of the newly described species, providing a valuable genomic resource for future taxonomic, phylogenetic, and functional studies. Environmental DNA data from the GlobalFungi database bring new perspective into the biogeographical patterns of Phaeoisaria, Rhamphoria, and Rhamphoriopsis. The distribution of E. allantospora and M. curvata remains poorly understood, as no records for these species were found in GlobalFungi. This study provides new insights into the molecular systematics, taxonomy, and biogeography of the Rhamphoriales and Pleurotheciales, and highlights the role of environmental DNA metabarcoding in uncovering fungal diversity and distribution patterns. Citation: Réblová M, Nekvindová J, Hernández-Restrepo M, Hradilová M, Kolařík M (2025). Phylogeny, taxonomy and geographic distribution of novel and known fungi with holoblastic-denticulate conidiogenesis in Rhamphoriales and Pleurotheciales (Sordariomycetes). Persoonia 55: 277-311. doi: 10.3114/persoonia.2025.55.08.",https://pubmed.ncbi.nlm.nih.gov/41551220/,out_of_scope,,,,
B0096,doi:10.1128/9781555818821,,Manual of Environmental Microbiology,ASM Press eBooks,2015,"Findlay, Robert H., Battin, Tom Ian",10.1128/9781555818821,"Within the benthic realm life carpets the sedimentary surface of all aquatic ecosystems including the oceans, lakes, rivers and streams. Microorganisms of all types, bacteria, archaea and eukaryotes, inhabit these environments and through their metabolic activities contribute to the biogeochemical cycles that sustain life on earth. In this chapter we address the question ""Why live on or in sediments, or in some cases, attached to rocks or other hard surfaces?"" and then explore major questions in the ecology of benthic microbial life in freshwater and shallow marine systems and current methodological approaches used in addressing these questions. Our first focus is on the abiotic and biotic factors that strongly influence the distribution and abundance of benthic microorganisms. Elemental cycles and the possibility of bacterial biogeography within the benthic realm are also addresses. Obtaining high quality samples and methods for determining microbial activity, biomass and community structure are discussed with classical/direct observation, biochemical and molecular approaches highlighted. Characterization of dissolved organic matter, methods for foodweb analysis and identification of the active component of microbial communities are specifically addressed. We conclude with a brief examination of several current questions within the general field of benthic microbial ecology.",https://openalex.org/W2497820704,out_of_scope,,,,
B0097,doi:10.1007/s11356-023-31776-y,38183542,"New prospects of environmental RNA metabarcoding research in biological diversity, ecotoxicological monitoring, and detection of COVID-19: a critical review.",Environmental science and pollution research international,2024,"Sakib Tahmid Rishan, Richard J Kline, Md Saydur Rahman",10.1007/s11356-023-31776-y,"Ecosystems are multifaceted and complex systems and understanding their composition is crucial for the implementation of efficient conservation and management. Conventional approaches to biodiversity surveys can have limitations in detecting the complete range of species present. In contrast, the study of environmental RNA (eRNA) offers a non-invasive and comprehensive method for monitoring and evaluating biodiversity across different ecosystems. Similar to eDNA, the examination of genetic material found in environmental samples can identify and measure many species, including ones that pose challenges to traditional methods. However, eRNA is degraded quickly and therefore shows promise in detection of living organisms closer to their actual location than eDNA methods. This method provides a comprehensive perspective on the well-being of ecosystems, facilitating the development of focused conservation approaches to save at-risk species and uphold ecological equilibrium. Furthermore, eRNA has been recognized as a valuable method for the identification of COVID-19 in the environment, besides its established uses in biodiversity protection. The SARS-CoV-2 virus, which is accountable for the worldwide epidemic, releases RNA particles into the surrounding environment via human waste, providing insights into the feasibility of detecting it in wastewater and other samples taken from the environment. In this article, we critically reviewed the recent research activities that use the eRNA method, including its utilization in biodiversity conservation, ecological surveillance, and ecotoxicological monitoring as well as its innovative potential in identifying COVID-19. Through this review, the reader can understand the recent developments, prospects, and challenges of eRNA research in ecosystem management and biodiversity conservation.",https://pubmed.ncbi.nlm.nih.gov/38183542/,in_scope,,,,
B0098,doi:10.3390/ijms231911582,36232885,Enhancer RNA (eRNA) in Human Diseases.,International journal of molecular sciences,2022,"Yunzhe Wang, Chenyang Zhang, Yuxiang Wang, Xiuping Liu, Zhao Zhang",10.3390/ijms231911582,"Enhancer RNAs (eRNAs), a class of non-coding RNAs (ncRNAs) transcribed from enhancer regions, serve as a type of critical regulatory element in gene expression. There is increasing evidence demonstrating that the aberrant expression of eRNAs can be broadly detected in various human diseases. Some studies also revealed the potential clinical utility of eRNAs in these diseases. In this review, we summarized the recent studies regarding the pathological mechanisms of eRNAs as well as their potential utility across human diseases, including cancers, neurodegenerative disorders, cardiovascular diseases and metabolic diseases. It could help us to understand how eRNAs are engaged in the processes of diseases and to obtain better insight of eRNAs in diagnosis, prognosis or therapy. The studies we reviewed here indicate the enormous therapeutic potency of eRNAs across human diseases.",https://pubmed.ncbi.nlm.nih.gov/36232885/,out_of_scope,,,,
B0099,doi:10.1146/annurev-pharmtox-011613-135937,,Environmental Toxins and Parkinson's Disease,The Annual Review of Pharmacology and Toxicology,2013,Samuel M. Goldman,10.1146/annurev-pharmtox-011613-135937,"Parkinson's disease (PD) is a chronic, progressive, disabling neurodegenerative disorder that begins in mid to late life and is characterized by motor impairment, autonomic dysfunction, and, in many, psychological and cognitive changes. Recent advances have helped delineate pathogenetic mechanisms, yet the cause of PD in most individuals is unknown. Although at least 15 genes and genetic loci have been associated with PD, identified genetic causes are responsible for only a few percent of cases. Epidemiologic studies have found increased risk of PD associated with exposure to environmental toxicants such as pesticides, solvents, metals, and other pollutants, and many of these compounds recapitulate PD pathology in animal models. This review summarizes the environmental toxicology of PD, highlighting the consistency of observations across cellular, animal, and human studies of PD pathogenesis.",https://openalex.org/W2164728918,out_of_scope,,,,
B0100,doi:10.1002/edn3.33,,Assessing different components of diversity across a river network using eDNA,Environmental DNA,2019,"Elvira Mächler, Chelsea J. Little, Remo Wüthrich, Roman Alther, Emanuel A. Fronhofer, Isabelle Gounand, Eric Harvey, Samuel Hürlemann, Jean‐Claude Walser, Florian Altermatt",10.1002/edn3.33,"Assessing individual components of biodiversity, such as local or regional taxon richness, and differences in community composition is a long‐standing challenge in ecology. It is especially relevant in spatially structured and diverse ecosystems. Environmental DNA (eDNA) has been suggested as a novel technique to detect taxa and therefore may allow to accurately measure biodiversity. However, we do not yet fully understand the comparability of eDNA‐based assessments to classical morphological approaches. We assessed may‐, stone‐, and caddisfly genera with two contemporary methods, namely eDNA sampling followed by molecular identification and kicknet sampling followed by morphological identification. We sampled 61 sites distributed over a large river network, allowing a comparison of various diversity measures from the catchment to site levels and providing insights into how these measures relate to network properties. We extended our data with historical morphological records of total diversity at the catchment level. At the catchment scale, identification based on eDNA and kicknet samples detected similar proportions of the overall and cumulative historically documented richness (gamma diversity), 42% and 46%, respectively. We detected a good overlap (62%) between genera identified from eDNA and kicknet samples at the regional scale. At the local scale, we found highly congruent values of local taxon richness (alpha diversity) between eDNA and kicknet samples. Richness of eDNA was positively related to discharge, a descriptor of network position, while kicknet was not. Beta diversity, a measure of dissimilarity between sites, was comparable for the two contemporary methods and is driven by species replacement and not by nestedness. Although eDNA approaches are still in their infancy and optimization regarding sampling design and laboratory work is still needed, our results indicate that it can capture different components of diversity, proving its potential utility as a new tool for large sampling campaigns across hitherto understudied complete river catchments.",https://doi.org/10.1002/edn3.33,in_scope,,,,
B0101,doi:10.1111/eva.12882,31993074,Population-level inferences from environmental DNA-Current status and future perspectives.,Evolutionary applications,2019,"Eva Egelyng Sigsgaard, Mads Reinholdt Jensen, Inger Eleanor Winkelmann, Peter Rask Møller, Michael Møller Hansen, Philip Francis Thomsen",10.1111/eva.12882,"Environmental DNA (eDNA) extracted from water samples has recently shown potential as a valuable source of population genetic information for aquatic macroorganisms. This approach offers several potential advantages compared with conventional tissue-based methods, including the fact that eDNA sampling is noninvasive and generally more cost-efficient. Currently, eDNA approaches have been limited to single-marker studies of mitochondrial DNA (mtDNA), and the relationship between eDNA haplotype composition and true haplotype composition still needs to be thoroughly verified. This will require testing of bioinformatic and statistical software to correct for erroneous sequences, as well as biases and random variation in relative sequence abundances. However, eDNA-based population genetic methods have far-reaching potential for both basic and applied research. In this paper, we present a brief overview of the achievements of eDNA-based population genetics to date, and outline the prospects for future developments in the field, including the estimation of nuclear DNA (nuDNA) variation and epigenetic information. We discuss the challenges associated with eDNA samples as opposed to those of individual tissue samples and assess whether eDNA might offer additional types of information unobtainable with tissue samples. Lastly, we provide recommendations for determining whether an eDNA approach would be a useful and suitable choice in different research settings. We limit our discussion largely to contemporary aquatic systems, but the advantages, challenges, and perspectives can to a large degree be generalized to eDNA studies with a different spatial and temporal focus.",https://pubmed.ncbi.nlm.nih.gov/31993074/,in_scope,,,,
B0102,doi:10.1016/j.biotechadv.2025.108652,40695391,Unlocking the algae toolbox: Cutting-edge tools for environmental and biotechnological solutions.,Biotechnology advances,2025,"Vu Khac Hoang Bui, Le Gia Trung, Ha Huu Do, Nguyen Tien Tran, Minh Kim Nguyen",10.1016/j.biotechadv.2025.108652,"Algae are highly adaptable photosynthetic organisms with growing relevance in biotechnology, environmental management, and sustainable industries. Recent advancements have expanded the ""Algae Toolbox"", integrating cutting-edge screening, monitoring, characterization, and large-scale production technologies. This current work critically examines the latest developments in algal research, including CRISPR-Cas9 genetic engineering, high-throughput omics, machine learning-driven modeling, and remote sensing-based ecosystem monitoring. Moreover, innovations in optical sensors, flow cytometry, biosensors, and environmental DNA have further improved precision in tracking algal dynamics. These advances support industrial scale-up, boosting productivity and sustainability in biofuels, pharmaceuticals, aquaculture, and bioremediation. However, large-scale production still faces challenges in economic viability and environmental sustainability. Future research must incorporate artificial intelligence, internet of things-enabled sensing, and synthetic biology for optimized cultivation and bioproduct harvesting. This review provides a comprehensive overview of emerging tools and methodologies, emphasizing their role in advancing algal biotechnology and global sustainability.",https://pubmed.ncbi.nlm.nih.gov/40695391/,out_of_scope,,,,
B0103,doi:10.1002/edn3.73,,Groundtruthing of pelagic forage fish detected by hydroacoustics in a whale feeding area using environmental DNA,Environmental DNA,2020,"Chloé Suzanne Berger, Bérénice Bougas, Samuel Turgeon, Sophia Ferchiou, Nadia Ménard, Louis Bernatchez",10.1002/edn3.73,"Conservation of whales, considered as umbrella species in marine environments, requires to be able to understand their relationships with ecosystem components such as prey species, including pelagic fish. However, studying such relationships in nature is a technical challenge. In this study, we used two noninvasive methods in combination, namely hydroacoustics and environmental DNA (eDNA), to detect five pelagic or semipelagic fish species in the Saguenay–St. Lawrence Marine Park (Québec, Canada): the sandlance Ammodytes sp., the Atlantic herring Clupea harengus, the capelin Mallotus villosus, the rainbow smelt Osmerus mordax, and the redfish Sebastes sp. The Marine Park is a major summer feeding ground for a wide diversity of marine wildlife species, including the endangered St. Lawrence beluga whale population. Up to now, scarce research efforts have been dedicated to the estimation of pelagic fish abundance and diversity in this area. Hydroacoustics allowed to easily discriminate the classification of echoes from fish, and with certain limitations to distinguish swim bladder fish from fish without swim bladder. We used eDNA to groundtruth acoustics data and to improve species identification. eDNA analyses especially demonstrated that the capelin was the most predominant species, while the abundance of the redfish and the sandlance was strongly variable over the 2 years of the study. Our results also suggest that there are annual fluctuations in prey availability that marine mammals encounter in this area. Although the approach we used is not without constraints that should be addressed in future studies, we hope that this study will contribute to science‐based conservation and fisheries management policies.",https://doi.org/10.1002/edn3.73,in_scope,,,,
B0104,doi:10.1126/science.ade6389,36048933,A somber search.,"Science (New York, N.Y.)",2022,Tess Joosse,10.1126/science.ade6389,"Can sophisticated research tools, such as plucking environmental DNA from water and the sea floor, speed the recovery of long-missing soldiers?",https://pubmed.ncbi.nlm.nih.gov/36048933/,unsure,,,,
B0105,doi:10.1002/edn3.70138,,Environmental DNA Documents Ecosystem‐Wide Biodiversity Within the Marine Protected Area Stellwagen Bank National Marine Sanctuary,Environmental DNA,2025,"Jennifer M. Polinski, Emma L. Strand, Timothy P. O'Donnell, Tammy L. Silva, David N. Wiley, Matthew J. Harke",10.1002/edn3.70138,"Marine protected areas (MPAs) can help ensure long‐term conservation of natural resources and protect biodiversity, ecosystem services, and cultural values in the face of anthropogenic change. However, determining MPA effectiveness is often challenging due to the lack of comprehensive baseline data and/or biases associated with biodiversity survey methods. Environmental DNA (eDNA) represents a promising tool to overcome these challenges. Here, we used a suite of three metabarcoding targets—prokaryote‐specific 16S, eukaryote‐specific 18S, and vertebrate‐specific 12S—to generate baseline data of all organisms, from bacteria to whales, within Stellwagen Bank National Marine Sanctuary (SBNMS). Surface water, bottom water, and sediment from 40 sites revealed three archaeal, 46 bacterial, 22 protistan, and 17 metazoan phyla. eDNA offers insight into the spatial resolution of biodiversity within SBNMS, potentially providing a new tool which could inform management practices to protect biodiversity. For vertebrate eDNA monitoring, most species were observed in bottom water, suggesting that less extensive sampling could be sufficient if targeting overall vertebrate richness. However, the inclusion of other sample types revealed patterns in relative sequence abundance that may be indicative of habitat use, particularly for Northern sand lance, a key forage fish. Microbial, phytoplankton, and zooplankton community composition differed dramatically between sample types, requiring all three to adequately capture species richness, providing data for potential indicator species such as those that cause harmful algal blooms. While future evaluations of cost, sampling scope, frequency, and how to incorporate data into management practices are needed, this study offers important baseline information for new hypotheses testing.",https://doi.org/10.1002/edn3.70138,in_scope,,,,
B0106,doi:10.3390/jof7040293,33924673,Soil Metabarcoding Offers a New Tool for the Investigation and Hunting of Truffles in Northern Thailand.,"Journal of fungi (Basel, Switzerland)",2021,"Nakarin Suwannarach, Jaturong Kumla, Ammarin In-On, Saisamorn Lumyong",10.3390/jof7040293,"Truffles (Tuber spp.) are well-known as edible ectomycorrhizal mushrooms, and some species are one of the most expensive foods in the world. During the fruiting process, truffles produce hypogeous ascocarps; a trained pig or dog is needed to locate the ascocarps under the ground. Truffles in northern Thailand have been recorded in association with Betulaalnoides and Carpinus poilanei. In this study, we investigated the soil mycobiota diversity of soil samples from both of these truffle host plants in native forests using environmental DNA metabarcoding to target the internal transcribed spacer 1 (ITS1) region of the rDNA gene for the purposes of investigation of truffle diversity and locating truffles during the non-fruiting phase. In this study, a total of 38 soil samples were collected from different locations. Of these, truffles had been found at three of these locations. Subsequently, a total of 1341 putative taxonomic units (OTUs) were obtained. The overall fungal community was dominated by phylum-level sequences assigned to Ascomycota (57.63%), Basidiomycota (37.26%), Blastocladiomycota (0.007%), Chytridiomycota (0.21%), Glomeromycota (0.01%), Kickxellomycota (0.01%), Mortierellomycota (2.08%), Mucoromycota (0.24%), Rozellomycota (0.01%), Zoopagomycota (0.003%), and unidentified (2.54%). The results revealed that six OTUs were determined to be representative and belonged to the genus Tuber. OTU162, OTU187, OTU447, and OTU530 belonged to T. thailandicum, T. lannaense, T. bomiense, and T. magnatum, whereas OTU105 and OTU720 were acknowledged as unrecognized Tuber species. From 38 locations, OTUs of truffles were found in 33 locations (including three previously known truffle locations). Thus, 30 collection sites were considered new locations for T. thailandicum, T. bomiense, and other unrecognized Tuber species. Interestingly, at 16 new locations, mature ascocarps of truffles that were undergoing the fruiting phase were located underground. All 16 truffle samples were identified as T. thailandicum based on morphological characteristics and molecular phylogenetic analysis. However, ascocarps of other truffle species were not found at the new OTUs representative locations. The knowledge gained from this study can be used to lead researchers to a better understanding of the occurrence of truffles using soil mycobiota diversity investigation. The outcomes of this study will be particularly beneficial with respect to the search and hunt for truffles without the need for trained animals. In addition, the findings of this study will be useful for the management and conservation of truffle habitats in northern Thailand.",https://pubmed.ncbi.nlm.nih.gov/33924673/,in_scope,,,,
B0107,doi:10.1111/1556-4029.15124,35974469,Assessing the use of environmental DNA (eDNA) as a tool in the detection of human DNA in water.,Journal of forensic sciences,2022,"Marie Antony Dass, Craig D H Sherman, Yi Heng Nai, Morgan R Ellis, Roland A H van Oorschot, Annalisa Durdle",10.1111/1556-4029.15124,"Environmental DNA (eDNA) is a highly sensitive and cost-effective tool that is increasingly being applied to studies of biodiversity and species detection. This non-invasive method relies on the collection of environmental samples that contain genetic material being shed into surrounding environment by the target organism/s. While forensic science has a long history of using molecular tools for collecting DNA from the environment, the detection of human DNA from environmental water samples has been limited. This study investigated the detection and degradation rates of human eDNA in water samples under controlled laboratory conditions. Using a human-specific qPCR assay targeting the ND1 region of human mitochondrial DNA, eDNA degradation over time in water spiked with human blood was assessed. Recovery of nuclear DNA was investigated by determining if routine DNA short tandem repeat (STR) profiles of the blood source could be generated. Results demonstrated that human eDNA remains detectable for up to 11 days under laboratory conditions in environmental water and up to 35 days in distilled water. Partial STR profiles could be recovered from environmental water only up to 24 h, while, in distilled water, partial profiles continued to be recovered up to 840 h. These findings demonstrate that sampling human eDNA from aquatic samples can provide reliable human DNA detection within relatively short time windows, assisting law enforcement agencies by providing information about the potential time an individual may have been present in an area or assisting in the detection and location of a body or remains in aquatic environments.",https://pubmed.ncbi.nlm.nih.gov/35974469/,in_scope,,,,
B0108,doi:10.1186/1471-2148-9-116,19467154,Molecular phylogeny of ocelloid-bearing dinoflagellates (Warnowiaceae) as inferred from SSU and LSU rDNA sequences.,BMC evolutionary biology,2009,"Mona Hoppenrath, Tsvetan R Bachvaroff, Sara M Handy, Charles F Delwiche, Brian S Leander",10.1186/1471-2148-9-116,"Dinoflagellates represent a major lineage of unicellular eukaryotes with unparalleled diversity and complexity in morphological features. The monophyly of dinoflagellates has been convincingly demonstrated, but the interrelationships among dinoflagellate lineages still remain largely unresolved. Warnowiid dinoflagellates are among the most remarkable eukaryotes known because of their possession of highly elaborate ultrastructural systems: pistons, nematocysts, and ocelloids. Complex organelles like these are evolutionary innovations found only in a few athecate dinoflagellates. Moreover, the taxonomy of warnowiids is extremely confusing and inferences about the evolutionary history of this lineage are mired by the absence of molecular phylogenetic data from any member of the group. In this study, we provide the first molecular phylogenetic data for warnowiids and couple them with a review of warnowiid morphological features in order to formulate a hypothetical framework for understanding character evolution within the group. These data also enabled us to evaluate the evolutionary relationship(s) between warnowiids and the other group of dinoflagellates with complex organelles: polykrikoids. Molecular phylogenetic analyses of SSU and LSU rDNA sequences demonstrated that warnowiids form a well-supported clade that falls within the more inclusive Gymnodinium sensu stricto clade. These data also confirmed that polykrikoids are members of the Gymnodinium sensu stricto clade as well; however, a specific sister relationship between the warnowiid clade and the polykrikoid clade was unresolved in all of our analyses. Nonetheless, the new DNA sequences from different isolates of warnowiids provided organismal anchors for several previously unidentified sequences derived from environmental DNA surveys of marine biodiversity. Comparative morphological data and molecular phylogenetic data demonstrate that the polykrikoid and the warnowiid clade are closely related to each other, but the precise branching order within the Gymnodinium sensu stricto clade remains unresolved. We regard the ocelloid as the best synapomorphy for warnowiids and infer that the most recent common ancestor of polykrikoids and warnowiids possessed both nematocysts and photosynthetic plastids that were subsequently lost during the early evolution of warnowiids. Our summary of species and genus concepts in warnowiids demonstrate that the systematics of this poorly understood group is highly problematic and a comprehensive revision is needed.",https://pubmed.ncbi.nlm.nih.gov/19467154/,out_of_scope,,,,
B0109,doi:10.1111/mec.16023,34176165,Environmental DNA for biomonitoring.,Molecular ecology,2021,"Jan Pawlowski, Aurélie Bonin, Frédéric Boyer, Tristan Cordier, Pierre Taberlet",10.1111/mec.16023,"In 2012, Molecular Ecology published a special issue on environmental DNA, which provided an overview of the field of eDNA research and presented a selection of papers on eDNA studies (Taberlet et al., 2012). This special issue also introduced the concept of Biomonitoring 2.0, advocating for the use of DNA-based identification of taxa in biodiversity surveys and ecosystem assessment (Baird & Hajibabaei, 2012). Since then, hundreds of papers have been published covering various aspects of eDNA-based biomonitoring from single-species detection to community studies and environmental impact assessments. Numerous reviews have summarized these studies for both freshwater and marine environments (Bohmann et al., 2014; Thomsen & Willerslev, 2015). The progress made in the eDNA field during these last ten years has been spectacular (Taberlet et al., 2018). Although the basic concepts and workflow of DNA barcoding and metabarcoding have not changed, the technological advances in high-throughput sequencing have greatly facilitated the access to eDNA data. It has become possible to monitor biodiversity with unprecedented precision and depth. Massive environmental genomic datasets have been rapidly generated at relatively low cost. The analysis of these datasets using machine learning and other taxonomy-free approaches opened wide the doors for using new groups of bioindicators to infer ecological status (Cordier et al., 2018, 2019; Pawlowski et al. 2018). At the same time, constant efforts to fill gaps in barcoding reference databases considerably increased the effectiveness of taxonomic identification of eDNA data (Weigand et al., 2019). Astonishingly, these rapid advances in eDNA-based technologies are rather timidly implemented in routine biomonitoring (Hering et al., 2018; Shackleton et al., 2021). Although the concept of Biomonitoring 2.0 is widely endorsed, its acceptance in practice is hampered for various reasons. There is no consensus whether eDNA-based biomonitoring should only apply to conventional bioindicators (Renovate) or should also include new bioindicators (Rebuild) or new taxonomy-free approaches (Revolutionize) (see Figure 1). Moreover, three main steps on the roadmap from eDNA to biomonitoring are not developed equally. The main attention is given to the development and optimization of eDNA data generation and analysis. The standardization of eDNA methods and their translation into legislatory framework remain at a very early stage. One of the main issues impeding the application of eDNA-based tools concerns the lack of congruence between the results of traditional and molecular analyses (Aylagas et al., 2020). It is expected that the new method is “safe to use” only if it provides the same or almost same results as the conventional one. However, obtaining such perfect congruence is often impossible because the character of data is very different (e.g., abundance of individuals vs abundance of eDNA reads). Moreover, the eDNA “ecology” can hardly be translated directly into species ecology. There are also numerous biological and technical biases that can affect the generation and processing of eDNA data, impacting their interpretation. This special issue addresses some of these challenges by presenting the latest advances in eDNA field and discussing their strengths and limitations when applied to routine biomonitoring. The issue comprises 29 papers grouped into four sections and covering different aspects of eDNA applications. It is accompanied by an opinion paper, which clarifies the eDNA terminology in relation to its use in biomonitoring (Pawlowski et al., 2020). The first section comprises a series of studies using new analytical tools (e.g. machine learning), new types of bioindicators and genomic data (e.g. shotgun sequencing) for the assessment of ecological status. It is followed by a section dedicated to fish eDNA, whose application in biomonitoring is the most advanced. The third section comprises papers dealing with various methodological aspects and the comparison between conventional and molecular methods. The final section presents few examples of eDNA applications for biodiversity surveys and population genetics. The development of environmental genomics enables monitoring of microbial and meiofaunal communities that were previously inaccessible when using conventional methods. However, our knowledge of the ecology of these communities is very limited and therefore new analytic approaches are necessary to integrate them into routine bioassessment. This section begins with a review of implementation strategies for the application of environmental genomics in ecological diagnostics (Cordier et al., 2021). The authors introduce four broad categories of possible strategies, including (1) DNA-based taxonomic identification of known bioindicators, (2) taxonomy-free discovery of new bioindicators, (3) structural community metrics, and (4) functional community metrics. Each of these strategies is adapted to a particular type of data (metabarcoding, metagenomics, metatranscriptomics) and rely on different computational analyses in order to provide an assessment of the ecological status. Among the different analytical tools, machine learning seems to be the most promising way to predict the ecological status (Cordier et al., 2018, 2019). In this issue, its performance is tested in the case of the benthic diatoms index widely used in the assessment of ecological quality of rivers and streams (Apothéloz-Perret-Gentil et al., 2021). This study shows that supervised machine learning performs better than the taxonomic assignment, but its predictions are similar to those obtained using a taxonomy-free molecular assignment approach. Moreover, the efficiency of a taxonomic assignment method strongly depends on the completeness of the reference database, highlighting the need to fill in the existing gaps, particularly in the case of bioindicator taxa. The ability of de novo prokaryotic bioindicators to predict multiple anthropogenic impacts on estuarine and coastal benthic communities is demonstrated by Lanzén et al. (2021). The authors compare their results to the traditional macrofauna-based indices and discuss various advantages of using microbial bioindicators as they are more sensitive to different abiotic pressures. Similar conclusions were reached in the case of environmental impact assessment of marine aquaculture (Frühe et al., 2021) and the oil and gas industry (Mauffrey et al., 2021). Both studies demonstrate the effectiveness of machine learning and de novo microbial bioindicators and promote their use for benthic monitoring in marine environments. The last two papers in this series explore new directions for the further development of ecogenomic diagnostics. Broman et al. (2021) use environmental RNA (eRNA) shotgun sequencing to analyse the impact of organic enrichment on benthic micro-eukaryotic communities. Compared to eDNA metabarcoding that is used in the majority of studies, eRNA shotgun data has the advantage to overcome the potential biases of PCR amplification and to better capture the organismic response to environmental pressures by targeting predominantly active cells. Ibrahim et al. (2021) use historical eDNA metabarcoding data to analyze the impact of eutrophication on lake phytoplankton in the 20th century. This study demonstrates the potential of paleo-metabarcoding to characterize past biodiversity and establish reference conditions for future monitoring. The second series of papers concerns the use of eDNA to monitor fish diversity. We focus on fish because they are among the most important groups of bioindicators and also because their study from an eDNA perspective is the most advanced (Pont et al., 2021). The barcoding reference database of common fish species in some regions is close to completeness (Knebelsberger et al., 2015), fish-specific markers are well defined (M. Miya et al., 2015; Valentini et al., 2016; Zhang et al., 2020) and protocols for fish eDNA sampling and processing are well established (Masaki Miya et al., 2020; Valentini et al., 2016). Currently, considerable efforts are directed to solve the most challenging issue, which is related to quantitative fish eDNA data and its application for inferring fish indices in routine biomonitoring. Two papers address this issue by proposing different approaches to estimate fish abundance from eDNA data. Fukaya et al. (2021) use numerical hydrodynamic models to simulate the spatial and temporal distribution of fish eDNA in aquatic environments. By integrating the models to the measures of eDNA concentration, the authors obtained estimates of fish population abundance comparable to those obtained by the quantitative echo sounder method. Yates et al. (2021) improve the correlation between eDNA concentration and fish abundance by integrating allometric scaling coefficients. Such coefficients can help adjust the values of eDNA production taking in consideration density, biomass and metabolic rates characteristic to a given taxon. A better understanding of the “ecology” of fish eDNA, and particularly how its temporal and spatial distribution is shaped by abiotic and biotic factors, is the subject of the following papers. Littlefair et al. (2021) tested how seasonal variations in thermal stratification influence the distribution of fish eDNA in lakes. The authors show that eDNA distribution follows lake stratification and the thermal niche of the species, which in turn may affect its detection in certain seasons. The distribution of fish and amphibian eDNA in a lentic system was investigated experimentally by Brys et al. (2021). This study indicates high eDNA decay rates and limited dispersal, reinforcing the accuracy of eDNA-based monitoring for retrieving the spatiotemporal occupancy patterns. The advantages of using eDNA for survey of fish populations were also demonstrated by other papers in this section. McColl-Gausden et al. (2021) showed that eDNA metabarcoding is generally more sensitive than electrofishing for conducting fish surveys in freshwater streams, while Aglieri et al. (2021) demonstrate strong complementarity of eDNA-based analysis with visual and capture-based methods in the survey of coastal fish communities. General acceptance of molecular methods in biomonitoring requires their benchmarking against conventional morphotaxonomy-based approaches. This is commonly achieved by processing the same samples in parallel using different methods and by assessing how the molecular data fit to the results of traditional approaches, considered as a ground truth. The papers of this section compare the results of eDNA metabarcoding vs bulk DNA metabarcoding vs different morphology-based approaches. They also present and discuss the biases of molecular methods and propose solutions to improve the outcomes of molecular data generation and processing. The section begins with the three comparative studies of marine biomonitoring. Suter et al. (2021) evaluate the performance of water eDNA and bulk DNA metabarcoding in assessing the biodiversity of zooplankton in open ocean, currently monitored by using continuous plankton recorders. The study shows that both methods recover more species than morphological analyses, however, their efficiency depends on the sampling method and selected marker. They conclude that eDNA metabarcoding is very promising, but it still requires some refinement and standardization before it can be routinely used for zooplankton biomonitoring. Similar conclusions are drawn from the comparison of sediment DNA metabarcoding and macrofauna surveys applied to monitor benthic impacts of salmon farms (He et al., 2021). Although the authors found a certain coherence in relative abundance of common macrofauna bioindicators inferred from morphological and eDNA data, they observed that the correlation with organic enrichment was much stronger for meiofauna, which is not usually included in biomonitoring studies. Significant differences were also found between water eDNA samples and bulk DNA extracts from adjacent benthic communities (Antich et al., 2021). The authors concluded that water eDNA is a poor proxy for the analysis of benthic communities, although they do not exclude that the use of taxon-specific markers could improve the congruence between eDNA and bulk DNA metabarcoding data. The importance of marker selection has also been emphasized in the case of freshwater macrobenthos metabarcoding. The performance of different markers, with focus on key insect orders (Ephemeroptera, Plecoptera and Trichoptera) was tested by Ficetola et al. (2021). The authors demonstrate the complexity of the marker selection process and advocate for the use of multiple markers to cover the widest range of taxa. Combining data from different markers was shown to considerably improve the match between macrobenthic indices inferred from bulk DNA and morphotaxonomic surveys (Meyer et al., 2021). A multimarker approach was also recommended for the assessment of macroinvertebrate communities from the bulk preservative (Martins et al., 2021). Despite the importance of using multiple markers, the authors also demonstrate that the presence of heavily sclerotized exoskeleton can act as a limiting factor for the detection of some taxa. The comparison of bulk DNA vs water eDNA metabarcoding has been reported by two papers. Gleason et al. (2021) show that bulk DNA metabarcoding more accurately represents the local stream macroinvertebrate community, with water eDNA data being overwhelmed by non-metazoan sequences. The same difference was observed when comparing bulk DNA to water eDNA and morphological inventories of pond macroinvertebrates (Harper et al., 2021). However, the authors consider both approaches as complementary and suggest that they should be combined for comprehensive assessment of the invertebrate community. The importance of bulk DNA metabarcoding as a tool for the assessment of marine ecosystems is also highlighted by van de Loos and Nijland (2021). The authors review various technical biases affecting bulk DNA metabarcoding workflow and discuss possible improvements that could help overcoming these biases in the future. The analysis of water samples from five sites in the Brazilian Atlantic forest and one adjacent site in Cerrado grasslands allowed Lopes et al. (2020) to demonstrate that eDNA metabarcoding significantly improves traditional monitoring methods, confirming the presence of frog species undetected by traditional methods. For a few years, invertebrate-derived DNA (iDNA) from leech blood-meal have been used to track mammalian species (Schnell et al., 2012). Here, Drinkwater et al. (2021) apply this approach to assess differences in mammalian diversity across a gradient of forest degradation in Borneo. For monitoring elusive mammals, the iDNA method complements the more traditional and widely used camera trapping. The last two papers in this section provide examples of metabarcoding optimizations aiming at improving its effectiveness in biomonitoring surveys. Guerrieri et al. (2021) show how soil preservation methods can affect estimates of taxonomic richness and community composition. The authors propose guidelines for optimizing soil preservation conditions in agreement with the objectives and practical constraints of the research project. On the other hand, Mächler et al. (2021) address the optimization of data analysis, by investigating how stringency filtering can affect eDNA diversity estimates. The authors conclude that the use of Hill numbers can help in comparisons of eDNA datasets that strongly differ in diversity. The last three articles in this special issue present ground-breaking approaches to monitoring biodiversity. Martel et al. (2021) clearly show that eDNA surveys paired with occupancy modelling can uncover metapopulation dynamics and their drivers. Such type of information is important for monitoring endangered species distributed in metapopulations and is quite difficult to obtain via traditional inventories. Shum and Palumbi (2021) reanalyzed a published marine metabarcoding dataset concerning cobble communities found within kelp forest ecosystems. They focussed on diversity data at the intraspecific level to infer population structure and demographic trends. This type of approach greatly increases the scope and value of metabarcoding studies, also opening the way towards metaphylogeography (Turon et al., 2020). Finally, Sigsgaard et al. (2021) successfully tracked insects from cow dungs from different environments, and showed that eDNA metabarcoding represents an efficient method for assessing insect diversity, with potential for biomonitoring in relation with the relatively easy standardization of such an approach. As shown by the collection of papers published in this issue, potential applications of eDNA in biomonitoring are highly diverse. Their scope ranges from tracking endangered species to surveying biodiversity or assessing environmental impact. Some papers focus on integrating eDNA into existing bioindication systems, whereas others use eDNA to expand the range of bioindicators and include inconspicuous, commonly overlooked microbial and meiofaunal taxa. All these papers attest to major efforts that have been done to improve eDNA methodology at every step of the workflow from sampling to data analysis. They also contribute to better understand the biological and technical factors impacting the eDNA analyses. Yet, despite this huge new knowledge and numerous practical advantages, the implementation of eDNA in routine biomonitoring still has not taken off. It is now high time to move on and to transform the eDNA field into a truly applied science. The biodiversity crisis and global environmental changes call for an urgent modernization of the tools to monitor biodiversity and assess the ecological status of our environment. As shown by the papers published here, the eDNA methodology achieved top levels of technical and scientific excellence in many areas. Certainly, there are some biases and limitations inherent to eDNA specificity, but there is no reason to consider that the technology is less “safe to use” than the conventional morpho-taxonomic approaches. There are also actions to be taken to ensure the quality and to build confidence in eDNA analyses through standardization of technical protocols and intercalibration tests. However, in view of the substantial efforts that have been made by the scientific community and illustrated by the content of this special issue, it is reasonable to expect that the implementation of eDNA-based tools in biomonitoring will not be long in coming. Open Access Funding provided by Universite de Geneve. There is no conflict of interest regarding the authors of this paper.",https://pubmed.ncbi.nlm.nih.gov/34176165/,in_scope,,,,
B0110,doi:10.7717/peerj.4747,29761059,Biodiversity of the Great Barrier Reef-how adequately is it protected?,PeerJ,2018,"Zoe T Richards, Jon C Day",10.7717/peerj.4747,"The Great Barrier Reef (GBR) is the world's most iconic coral reef ecosystem, recognised internationally as a World Heritage Area of outstanding significance. Safeguarding the biodiversity of this universally important reef is a core legislative objective; however, ongoing cumulative impacts including widespread coral bleaching and other detrimental impacts have heightened conservation concerns for the future of the GBR. Here we review the literature to report on processes threatening species on the GBR, the status of marine biodiversity, and evaluate the extent of species-level monitoring and reporting. We assess how many species are listed as threatened at a global scale and explore whether these same species are protected under national threatened species legislation. We conclude this review by providing future directions for protecting potentially endangered elements of biodiversity within the GBR. Most of the threats identified to be harming the diversity of marine life on the GBR over the last two-three decades remain to be effectively addressed and many are worsening. The inherent resilience of this globally significant coral reef ecosystem has been seriously compromised and various elements of the biological diversity for which it is renowned may be at risk of silent extinction. We show at least 136 of the 12,000+ animal species known to occur on the GBR (approximately 20% of the 700 species assessed by the IUCN) occur in elevated categories of threat (Critically Endangered, Endangered or Vulnerable) at a global scale. Despite the wider background level of threat for these 136 species, only 23 of them are listed as threatened under regional or national legislation. To adequately protect the biodiversity values of the GBR, it may be necessary to conduct further targeted species-level monitoring and reporting to complement ecosystem management approaches. Conducting a vigorous value of information analysis would provide the opportunity to evaluate what new and targeted information is necessary to support dynamic management and to safeguard both species and the ecosystem as a whole. Such an analysis would help decision-makers determine if further comprehensive biodiversity surveys are needed, especially for those species recognised to be facing elevated background levels of threat. If further monitoring is undertaken, it will be important to ensure it aligns with and informs the GBRMPA Outlook five-year reporting schedule. The potential also exists to incorporate new environmental DNA technologies into routine monitoring to deliver high-resolution species data and identify indicator species that are cursors of specific disturbances. Unless more targeted action is taken to safeguard biodiversity, we may fail to pass onto future generations many of the values that comprise what is universally regarded as the world's most iconic coral reef ecosystem.",https://pubmed.ncbi.nlm.nih.gov/29761059/,out_of_scope,,,,
B0111,doi:10.1016/j.scitotenv.2024.171810,38513869,"Environmental DNA methods for biosecurity and invasion biology in terrestrial ecosystems: Progress, pitfalls, and prospects.",The Science of the total environment,2024,"Karen L Bell, Mariana Campos, Benjamin D Hoffmann, Francisco Encinas-Viso, Gavin C Hunter, Bruce L Webber",10.1016/j.scitotenv.2024.171810,"Analysis of environmental DNA (eDNA) enables indirect detection of species without the need to directly observe and sample them. For biosecurity and invasion biology, eDNA-based methods are useful to address biological invasions at all phases, from detecting arrivals to confirming eradication of past invasions. We conducted a systematic review of the literature and found that in biosecurity and invasion biology, eDNA has primarily been used to detect new incursions and monitor spread in marine and freshwater ecosystems, with much slower uptake in terrestrial ecosystems, reflecting a broader trend common to the usage of eDNA tools. In terrestrial ecosystems, eDNA research has mostly focussed on the use of eDNA metabarcoding to characterise biodiversity, rather than targeting biosecurity threats or non-native populations. We discuss how eDNA-based methods are being applied to terrestrial ecosystems for biosecurity and managing non-native populations at each phase of the invasion continuum: transport, introduction, establishment, and spread; across different management options: containment, control, and eradication; and for detecting the impact of non-native organisms. Finally, we address some of the current technical issues and caveats of eDNA-based methods, particularly for terrestrial ecosystems, and how these might be solved. As eDNA-based methods improve, they will play an increasingly important role in the early detection and adaptive management of biological invasions, and the implementation of effective biosecurity controls.",https://pubmed.ncbi.nlm.nih.gov/38513869/,in_scope,,,,
B0112,doi:10.1016/j.aquatox.2025.107465,40592051,A perspective on fish-derived extracellular proteins and their potential applications in aquatic toxicity testing and environmental monitoring.,"Aquatic toxicology (Amsterdam, Netherlands)",2025,Ksenia J Groh,10.1016/j.aquatox.2025.107465,"Synthetic chemicals contaminating aquatic environment can harm aquatic life and contribute to biodiversity loss. Aquatic toxicity testing and environmental biomonitoring approaches often incorporate molecular studies. Since toxic effects begin at the molecular level and propagate to higher levels, molecular biomarkers can serve as valuable indicators of potential organismal and even population-level effects. However, such mechanistic studies commonly focus on measuring internal molecular changes, which often necessitates disruptive sampling and hence limits the ability to perform recurrent analyses of the same specimen in chronic exposure scenarios. This limitation could be overcome by analyzing externally present biomolecules, as they could provide valuable insights into internal conditions as well. Among such biomolecules, extracellular proteins are known to perform many important structural, metabolic and signaling functions in the extracellular/extraorganismal milieu. Recent studies in biomedical research areas showed that proteins released within extracellular vesicles (EVs), especially exosomes (<150 nm), could reflect internal responses to toxicity, stress and disease in a particularly sensitive and specific manner. These findings open new possibilities for environmentally oriented research as well, both in the lab and in the field. EVs and associated proteins can be analyzed in conditioned medium of in vitro aquatic toxicity tests, as well as in fish tissues, blood or even mucus, collected during long-term in vivo testing, in aquaculture facilities or within environmental monitoring programs. While increasing the information value of molecular analyses in all cases, this approach could also enable recurrent non-lethal sampling in some applications. Moreover, direct analysis of water-residing environmental proteins (eProteins) could provide-upon overcoming certain technical limitations-a truly non-invasive method for collecting ecosystem-wide information not only about the presence (as is currently delivered by environmental DNA (eDNA) analyses) but also about the fitness and health status of fish that released them. This review aims to highlight the potential applications of extracellular proteins and EV research in environmental toxicology, summarize relevant studies in mammals and fish, and identify knowledge gaps and remaining challenges that need to be addressed to successfully implement this approach in practice.",https://pubmed.ncbi.nlm.nih.gov/40592051/,out_of_scope,,,,
B0113,doi:10.1111/1755-0998.13107,31633859,A practical guide to sample preservation and pre-PCR processing of aquatic environmental DNA.,Molecular ecology resources,2019,"Girish Kumar, Jeff E Eble, Michelle R Gaither",10.1111/1755-0998.13107,"Environmental DNA (eDNA) is rapidly growing in popularity as a tool for community assessments and species detection. While eDNA approaches are now widely applied, there is not yet agreement on best practices for sample collection and processing. Investigators looking to integrate eDNA approaches into their research programme are required to examine a growing collection of disparate studies to make an often uncertain decision about which protocols best fit their needs. To promote the application of eDNA approaches and to encourage the generation of high-quality data, here we review the most common techniques for the collection, preservation and extraction of metazoan eDNA from water samples. Specifically, we focus on experimental studies that compare various methods and outline the numerous challenges associated with eDNA. While the diverse applications of eDNA do not lend themselves to a one-size-fits-all recommendation, in most cases, capture/concentration of eDNA on cellulose nitrate filters (with pore size determined by water turbidity), followed by storage of filters in Longmire's buffer and extraction with a DNeasy Blood & Tissue Kit (or similar) has been shown to provide sufficient, high-quality DNA. However, we also emphasize the importance of testing and optimizing protocols for the system of interest.",https://pubmed.ncbi.nlm.nih.gov/31633859/,in_scope,,,,
B0114,doi:10.7717/peerj.3347,28533985,Metabarcoding monitoring analysis: the pros and cons of using co-extracted environmental DNA and RNA data to assess offshore oil production impacts on benthic communities.,PeerJ,2017,"Olivier Laroche, Susanna A Wood, Louis A Tremblay, Gavin Lear, Joanne I Ellis, Xavier Pochon",10.7717/peerj.3347,"Sequencing environmental DNA (eDNA) is increasingly being used as an alternative to traditional morphological-based identification to characterize biological assemblages and monitor anthropogenic impacts in marine environments. Most studies only assess eDNA which, compared to eRNA, can persist longer in the environment after cell death. Therefore, eRNA may provide a more immediate census of the environment due to its relatively weaker stability, leading some researchers to advocate for the use of eRNA as an additional, or perhaps superior proxy for portraying ecological changes. A variety of pre-treatment techniques for screening eDNA and eRNA derived operational taxonomic units (OTUs) have been employed prior to statistical analyses, including removing singleton taxa (i.e., OTUs found only once) and discarding those not present in both eDNA and eRNA datasets. In this study, we used bacterial (16S ribosomal RNA gene) and eukaryotic (18S ribosomal RNA gene) eDNA- and eRNA-derived data from benthic communities collected at increasing distances along a transect from an oil production platform (Taranaki, New Zealand). Macro-infauna (visual classification of benthic invertebrates) and physico-chemical data were analyzed in parallel. We tested the effect of removing singleton taxa, and removing taxa not present in the eDNA and eRNA libraries from the same environmental sample (trimmed by shared OTUs), by comparing the impact of the oil production platform on alpha- and beta-diversity of the eDNA/eRNA-based biological assemblages, and by correlating these to the morphologically identified macro-faunal communities and the physico-chemical data. When trimmed by singletons, presence/absence information from eRNA data represented the best proxy to detect changes on species diversity for both bacteria and eukaryotes. However, assessment of quantitative beta-diversity from read abundance information of bacteria eRNA did not, contrary to eDNA, reveal any impact from the oil production activity. Overall, the data appeared more robust when trimmed by shared OTUs, showing a greater effect of the platform on alpha- and beta-diversity. Trimming by shared OTUs likely removes taxa derived from legacy DNA and technical artefacts introduced through reverse transcriptase, polymerase-chain-reaction and sequencing. Findings from our scoping study suggest that metabarcoding-based biomonitoring surveys should, if funds, time and expertise allow, be assessed using both eDNA and eRNA products.",https://pubmed.ncbi.nlm.nih.gov/28533985/,in_scope,,,,
B0115,doi:10.1111/mec.15734,33205529,Environmental DNA metabarcoding of cow dung reveals taxonomic and functional diversity of invertebrate assemblages.,Molecular ecology,2020,"Eva Egelyng Sigsgaard, Kent Olsen, Morten D D Hansen, Oskar Liset Pryds Hansen, Toke Thomas Høye, Jens-Christian Svenning, Philip Francis Thomsen",10.1111/mec.15734,"Insects and other terrestrial invertebrates are declining in species richness and abundance. This includes the invertebrates associated with herbivore dung, which have been negatively affected by grazing abandonment and the progressive loss of large herbivores since the Late Pleistocene. Importantly, traditional monitoring of these invertebrates is time-consuming and requires considerable taxonomic expertise, which is becoming increasingly scarce. In this study, we investigated the potential of environmental DNA (eDNA) metabarcoding of cow dung samples for biomonitoring of dung-associated invertebrates. From eight cowpats we recovered eDNA from 12 orders, 29 families, and at least 54 species of invertebrates (mostly insects), representing several functional groups. Furthermore, species compositions differed between the three sampled habitats of dry grassland, meadow, and forest. These differences were in accordance with the species' ecology; for instance, several species known to be associated with humid conditions or lower temperatures were found only in the forest habitat. We discuss potential caveats of the method, as well as directions for future study and perspectives for implementation in research and monitoring.",https://pubmed.ncbi.nlm.nih.gov/33205529/,in_scope,,,,
B0116,doi:10.26686/pq.v18i4.8013,,"Looking Further and Deeper into Environmental Protection, Regulation and Policy Using Environmental DNA (eDNA)",Policy Quarterly,2022,"Michael Bunce, Allan Freeth",10.26686/pq.v18i4.8013,"DNA sequencing technologies are transforming how environments are monitored. In this article, we pose the question: is environmental DNA (eDNA) the tool that Aotearoa New Zealand needs, but does not yet realise it does? The step change with eDNA is that genetic ‘breadcrumbs’ left behind in the environment can identify every living thing, from microbes to mammals, thus providing a more nuanced and holistic lens on ecosystems. Using eDNA, we can explore the biological networks that underpin healthy environments. Here we explore whether changes in policy setting, guidance, or pathways for uptake of eDNA are needed. Can eDNA help us make better decisions, inform policy and protections, track restoration, and act as a deterrent to reduce environmental harm?",https://doi.org/10.26686/pq.v18i4.8013,in_scope,,,,
B0117,doi:10.7717/peerj.3044,,Spatial distribution of environmental DNA in a nearshore marine habitat,PeerJ,2017,"James L. O’Donnell, Ryan P. Kelly, Andrew O. Shelton, Jameal F. Samhouri, Natalie Lowell, Gregory D. Williams",10.7717/peerj.3044,"In the face of increasing threats to biodiversity, the advancement of methods for surveying biological communities is a major priority for ecologists. Recent advances in molecular biological technologies have made it possible to detect and sequence DNA from environmental samples (environmental DNA or eDNA); however, eDNA techniques have not yet seen widespread adoption as a routine method for biological surveillance primarily due to gaps in our understanding of the dynamics of eDNA in space and time. In order to identify the effective spatial scale of this approach in a dynamic marine environment, we collected marine surface water samples from transects ranging from the intertidal zone to four kilometers from shore. Using PCR primers that target a diverse assemblage of metazoans, we amplified a region of mitochondrial 16S rDNA from the samples and sequenced the products on an Illumina platform in order to detect communities and quantify their spatial patterns using a variety of statistical tools. We find evidence for multiple, discrete eDNA communities in this habitat, and show that these communities decrease in similarity as they become further apart. Offshore communities tend to be richer but less even than those inshore, though diversity was not spatially autocorrelated. Taxon-specific relative abundance coincided with our expectations of spatial distribution in taxa lacking a microscopic, pelagic life-history stage, though most of the taxa detected do not meet these criteria. Finally, we use carefully replicated laboratory procedures to show that laboratory treatments were remarkably similar in most cases, while allowing us to detect a faulty replicate, emphasizing the importance of replication to metabarcoding studies. While there is much work to be done before eDNA techniques can be confidently deployed as a standard method for ecological monitoring, this study serves as a first analysis of diversity at the fine spatial scales relevant to marine ecologists and confirms the promise of eDNA in dynamic environments.",https://openalex.org/W2558599783,in_scope,,,,
B0118,doi:10.1016/j.scitotenv.2017.06.255,28675881,Making sense of the noise: The effect of hydrology on silver carp eDNA detection in the Chicago area waterway system.,The Science of the total environment,2017,"Jeffery W Song, Mitchell J Small, Elizabeth A Casman",10.1016/j.scitotenv.2017.06.255,"Environmental DNA (eDNA) sampling is an emerging tool for monitoring the spread of aquatic invasive species. One confounding factor when interpreting eDNA sampling evidence is that eDNA can be present in the water in the absence of living target organisms, originating from excreta, dead tissue, boats, or sewage effluent, etc. In the Chicago Area Waterway System (CAWS), electric fish dispersal barriers were built to prevent non-native Asian carp species from invading Lake Michigan, and yet Asian carp eDNA has been detected above the barriers sporadically since 2009. In this paper the influence of stream flow characteristics in the CAWS on the probability of invasive Asian carp eDNA detection in the CAWS from 2009 to 2012 was examined. In the CAWS, the direction of stream flow is mostly away from Lake Michigan, though there are infrequent reversals in flow direction towards Lake Michigan during dry spells. We find that the flow reversal volume into the Lake has a statistically significant positive relationship with eDNA detection probability, while other covariates, like gage height, precipitation, season, water temperature, dissolved oxygen concentration, pH and chlorophyll concentration do not. This suggests that stream flow direction is highly influential on eDNA detection in the CAWS and should be considered when interpreting eDNA evidence. We also find that the beta-binomial regression model provides a stronger fit for eDNA detection probability compared to a binomial regression model. This paper provides a statistical modeling framework for interpreting eDNA sampling evidence and for evaluating covariates influencing eDNA detection.",https://pubmed.ncbi.nlm.nih.gov/28675881/,in_scope,,,,
B0119,doi:10.1093/reep/res016,,The Porter Hypothesis at 20: Can Environmental Regulation Enhance Innovation and Competitiveness?,Review of Environmental Economics and Policy,2013,"Stéfan Ambec, Mark A. Cohen, Stewart Elgie, Paul Lanoie",10.1093/reep/res016,"Some twenty years ago, Harvard Business School economist and strategy professor Michael Porter challenged conventional wisdom about the impact of environmental regulation on business by declaring that well-designed regulation could actually enhance competitiveness. The traditional view of environmental regulation held by virtually all economists until that time was that requiring firms to reduce an externality like pollution necessarily restricted their options and thus by definition reduced their profits. After all, if profitable opportunities existed to reduce pollution, profit-maximizing firms would already be taking advantage of them. Over the past twenty years, much has been written about what has since become known simply as the Porter Hypothesis. Yet even today, we continue to find conflicting evidence concerning the Porter Hypothesis, alternative theories that might explain it, and oftentimes a misunderstanding of what the Porter Hypothesis does and does not say. This article examines the key theoretical foundations and empirical evidence concerning the Porter Hypothesis, discusses its implications for the design of environmental regulations, and outlines directions for future research on the relationship between environmental regulation, innovation, and competitiveness.",https://openalex.org/W3124298562,out_of_scope,,,,
B0120,doi:10.1111/j.1365-294x.2010.04580.x,,Environmentally induced phenotypes and DNA methylation: how to deal with unpredictable conditions until the next generation and after,Molecular Ecology,2010,"Bernard Angers, Emilie Castonguay, Rachel Massicotte",10.1111/j.1365-294x.2010.04580.x,"Organisms often respond to environmental changes by producing alternative phenotypes. Epigenetic processes such as DNA methylation may contribute to environmentally induced phenotypic variation by modifying gene expression. Changes in DNA methylation, unlike DNA mutations, can be influenced by the environment; they are stable at the time scale of an individual and present different levels of heritability. These characteristics make DNA methylation a potentially important molecular process to respond to environmental change. The aim of this review is to present the implications of DNA methylation on phenotypic variations driven by environmental changes. More specifically, we explore epigenetic concepts concerning phenotypic change in response to the environment and heritability of DNA methylation, namely the Baldwin effect and genetic accommodation. Before addressing this point, we report major differences in DNA methylation across taxa and the role of this modification in producing and maintaining environmentally induced phenotypic variation. We also present the different methods allowing the detection of methylation polymorphism. We believe this review will be helpful to molecular ecologists, in that it highlights the importance of epigenetic processes in ecological and evolutionary studies.",https://openalex.org/W1985267478,out_of_scope,,,,
B0121,doi:10.1007/s00114-024-01904-w,38502308,Larger particle size distribution of environmental RNA compared to environmental DNA: a case study targeting the mitochondrial cytochrome b gene in zebrafish (Danio rerio) using experimental aquariums.,Die Naturwissenschaften,2024,Toshiaki S Jo,10.1007/s00114-024-01904-w,"Environmental RNA (eRNA) analysis is conventionally expected to infer physiological information about organisms within their ecosystems, whereas environmental DNA (eDNA) analysis only infers their presence and abundance. Despite the promise of eRNA application, basic research on eRNA characteristics and dynamics is limited. The present study conducted aquarium experiments using zebrafish (Danio rerio) to estimate the particle size distribution (PSD) of eRNA in order to better understand the persistence state of eRNA particles. Rearing water samples were sequentially filtered using different pore-size filters, and the resulting size-fractioned mitochondrial cytochrome b (CytB) eDNA and eRNA data were modeled with the Weibull complementary cumulative distribution function (CCDF) to estimate the parameters characterizing the PSDs. It was revealed that the scale parameter (α) was significantly higher (i.e., the mean particle size was larger) for eRNA than eDNA, while the shape parameter (β) was not significantly different between them. This result supports the hypothesis that most eRNA particles are likely in a protected, intra-cellular state, which mitigates eRNA degradation in water. Moreover, these findings also imply the heterogeneous dispersion of eRNA relative to eDNA and suggest an efficient method of eRNA collection using a larger pore-size filter. Further studies on the characteristics and dynamics of eRNA particles should be pursued in the future.",https://pubmed.ncbi.nlm.nih.gov/38502308/,in_scope,,,,
B0122,doi:10.1080/17533171.2012.716933,,Slow Violence and the Environmentalism of the Poor,Safundi,2012,Jennifer Wenzel,10.1080/17533171.2012.716933,"Click to increase image sizeClick to decrease image size Notes 9 See DeLoughrey and Handley, Postcolonial Ecologies; Tiffin and Huggan, Postcolonial Ecocriticism; Mukherjee, Postcolonial Environments. 10 Said, Orientalism. 11 See Beck, Risk Society.",https://openalex.org/W2042912810,out_of_scope,,,,
B0123,doi:10.1002/ece3.4653,30598791,Environmental DNA analysis as a non-invasive quantitative tool for reproductive migration of a threatened endemic fish in rivers.,Ecology and evolution,2018,"Atsushi Maruyama, Kousuke Sugatani, Kazuki Watanabe, Hiroki Yamanaka, Akio Imamura",10.1002/ece3.4653,"Quantitative information regarding reproduction is essential for conserving endangered animals; however, some conventional quantitative methods can be damaging to the target population and their habitats. In the present study, the reproductive migration of a threatened endemic fish, three-lips (Opsariichthys uncirostris uncirostris), was non-invasively monitored by quantitative PCR of species-specific environmental DNA (eDNA), the usefulness of which has been not sufficiently explored. Water sampling and from-shore visual inspection were performed weekly along a tributary of Lake Biwa (Japan), where adult fish seasonally migrate upstream to reproduce as well as at lake sites near the river mouth. Species-specific eDNA was collected at all locations at times when the fish were visually observed and at certain sites where the fish were not observed. Log-transformed individual counts from visual inspection were positively correlated with log-transformed eDNA concentration in the river sites, indicating that eDNA analysis can be a reliable quantitative tool for fish abundance in rivers. Furthermore, distance from the lake did not influence eDNA concentration, suggesting that eDNA transport by river flow had a negligible effect on eDNA quantification. Both eDNA concentration and individual counts gradually increased from May-July, and decreased in August. Importantly, eDNA analysis showed that the fish occupied more habitats in the peak reproductive season and stayed for longer time at any given site. An additional underwater survey confirmed unexpected eDNA detections as true positives. eDNA analysis has great potential to quantitatively monitor reproductive fish migrations under certain conditions.",https://pubmed.ncbi.nlm.nih.gov/30598791/,in_scope,,,,
B0124,doi:10.1021/es9015553,,"Modeled Environmental Concentrations of Engineered Nanomaterials (TiO2, ZnO, Ag, CNT, Fullerenes) for Different Regions",Environmental Science & Technology,2009,"Fadri Gottschalk, Tobias Sonderer, Roland W. Scholz, Bernd Nowack",10.1021/es9015553,"Engineered nanomaterials (ENM) are already used in many products and consequently released into environmental compartments. In this study, we calculated predicted environmental concentrations (PEC) based on a probabilistic material flow analysis from a life-cycle perspective of ENM-containing products. We modeled nano-TiO(2), nano-ZnO, nano-Ag, carbon nanotubes (CNT), and fullerenes for the U.S., Europe and Switzerland. The environmental concentrations were calculated as probabilistic density functions and were compared to data from ecotoxicological studies. The simulated modes (most frequent values) range from 0.003 ng L(-1) (fullerenes) to 21 ng L(-1) (nano-TiO(2)) for surface waters and from 4 ng L(-1) (fullerenes) to 4 microg L(-1) (nano-TiO(2)) for sewage treatment effluents. For Europe and the U.S., the annual increase of ENMs on sludge-treated soil ranges from 1 ng kg(-1) for fullerenes to 89 microg kg(-1) for nano-TiO(2). The results of this study indicate that risks to aquatic organisms may currently emanate from nano-Ag, nano-TiO(2), and nano-ZnO in sewage treatment effluents for all considered regions and for nano-Ag in surface waters. For the other environmental compartments for which ecotoxicological data were available, no risks to organisms are presently expected.",https://openalex.org/W2037360063,out_of_scope,,,,
B0125,doi:10.1111/mec.17031,37254233,Detecting and analysing intraspecific genetic variation with eDNA: From population genetics to species abundance.,Molecular ecology,2023,"Kara J Andres, David M Lodge, Suresh A Sethi, Jose Andrés",10.1111/mec.17031,"Advancements in environmental DNA (eDNA) approaches have allowed for rapid and efficient species detections in diverse environments. Although most eDNA research is focused on leveraging genetic diversity to identify taxa, some recent studies have explored the potential for these approaches to detect within-species genetic variation, allowing for population genetic assessments and abundance estimates from environmental samples. However, we currently lack a framework outlining the key considerations specific to generating, analysing and applying eDNA data for these two purposes. Here, we discuss how various genetic markers differ with regard to genetic information and detectability in environmental samples and how analysis of eDNA samples differs from common tissue-based analyses. We then outline how it may be possible to obtain species absolute abundance estimates from eDNA by detecting intraspecific genetic variation in mixtures of DNA under multiple scenarios. We also identify the major causes contributing to allele detection and frequency errors in eDNA data, discuss their consequences for population-level analyses and outline bioinformatic approaches to detect and remove erroneous sequences. This review summarizes the key advances required to harness the full potential of eDNA-based intraspecific genetic variation to inform population-level questions in ecology, evolutionary biology and conservation management.",https://pubmed.ncbi.nlm.nih.gov/37254233/,in_scope,,,,
B0126,doi:10.1093/reep/req017,,The Effectiveness of Environmental Monitoring and Enforcement: A Review of the Empirical Evidence,Review of Environmental Economics and Policy,2011,"Wayne B. Gray, Jay P. Shimshack",10.1093/reep/req017,"Regulatory punishment for pollution violations is a mainstay of nearly every industrialized nation's environmental policy. This article reviews the existing empirical evidence on the impacts of environmental monitoring and enforcement actions. We first provide context by investigating the U.S. regulatory setting. We then briefly discuss how economists think about environmental enforcement. We next consider recent empirical evidence linking regulator actions to subsequent pollution discharges and compliance behavior. Since the literature primarily studies U.S. institutions, our review focuses mainly on the effects of Environmental Protection Agency and U.S. state activities. The consistent findings from this literature review are as follows: (1) environmental monitoring and enforcement activities generate substantial specific deterrence, reducing future violations at the targeted firm; (2) environmental monitoring and enforcement activities generate substantial general deterrence, reducing future violations at facilities other than the targeted one; and (3) environmental monitoring and enforcement activities generate not only reductions in violations but also significant reductions in emissions. We conclude by discussing policy implications and identifying gaps in the current state of knowledge.",https://openalex.org/W2077548741,out_of_scope,,,,
B0127,doi:10.1080/09644016.2012.651904,,Authoritarian environmentalism and China's response to climate change,Environmental Politics,2012,Bruce Gilley,10.1080/09644016.2012.651904,"Authoritarian environmentalism is a non-participatory approach to public policy-making and implementation in the face of severe environmental challenges. Using the case of China's climate change policy, the meaning, causes, and consequences of authoritarian environmentalism are explored. A key finding is that authoritarian environmentalism is more effective in producing policy outputs than outcomes. Theoretical and policy implications follow.",https://openalex.org/W2037141093,out_of_scope,,,,
B0128,doi:10.1002/edn3.70130,,Optimizing Environmental DNA Metabarcoding of Archived Suspended Particulate Matter for River Biodiversity Monitoring,Environmental DNA,2025,"Robin Schütz, Keiichi Fukaya, Arne J. Beermann, Cecilia Díaz, Ann‐Christin Lenz, Till‐Hendrik Macher, Jan Koschorreck, Florian Leese",10.1002/edn3.70130,"Environmental DNA (eDNA) metabarcoding has become a prominent method in aquatic biodiversity research and monitoring. A widely underexplored sample type is suspended particulate matter (SPM), composed of small organic and inorganic particles that contain eDNA. SPM is typically collected with sedimentation boxes, for instance by the German Environmental Specimen Bank for chemical monitoring of rivers. Its standardized collection and storage make SPM a potentially ideal source for eDNA time series analysis, linking environmental pressures and responses. This study evaluated key steps in the laboratory workflow allowing for the implementation of SPM in biodiversity research and monitoring. After validating an in‐house extraction protocol, we extracted eDNA from three 12‐year‐old SPM samples representing three river sites. To quantify replicate variation in species detection, each sample was processed with three subsamples, four extraction replicates per subsample, and four PCR replicates per extraction replicate (48 replicates per SPM sample). Additionally, mechanically ground samples were investigated to test for decreased inter‐sample variation. Our analysis revealed extensive, and plausible taxa lists for fish and aquatic invertebrates with significant differences between the sites. Within sites, we found high stochasticity in species detection of all replicates with the highest similarity between PCR replicates. In agreement with this, a Bayesian occupancy model demonstrated that species detection probability decreases in the PCR, while replicates earlier in the workflow were more effective in increasing species richness detection compared to PCR replicates or further increasing sequencing depth. Generally, 4–8 replicates were sufficient to recover 50% of all species, which contributed over 90% of the reads. Based on our results, we recommend at least eight replicates for biodiversity assessments using SPM. These should include at least one subsample or extraction replicate to maximize species richness. Our study supports the future use of SPM samples in biodiversity monitoring and provides a framework for assessing other eDNA matrices for robust species detection.",https://doi.org/10.1002/edn3.70130,in_scope,,,,
B0129,doi:10.1111/jeu.12814,32562451,Remarkably Complex Microbial Community Composition in Bromeliad Tank Waters Revealed by eDNA Metabarcoding.,The Journal of eukaryotic microbiology,2020,"Taiz L L Simão, Laura R P Utz, Raquel Dias, Adriana Giongo, Eric W Triplett, Eduardo Eizirik",10.1111/jeu.12814,"To investigate patterns of biotic community composition at different spatial scales and biological contexts, we used environmental DNA metabarcoding to characterize eukaryotic and prokaryotic assemblages present in the phytotelmata of three bromeliad species (Aechmea gamosepala, Vriesea friburgensis, and Vriesea platynema) at a single Atlantic Forest site in southern Brazil. We sampled multiple individuals per species and multiple tanks from each individual, totalizing 30 samples. We observed very high levels of diversity in these communities, and remarkable variation across individuals and even among tanks from the same individual. The alpha diversity was higher for prokaryotes than eukaryotes, especially for A. gamosepala and V. platynema samples. Some biotic components appeared to be species-specific, while most of the biota was shared among species, but varied substantially in frequency among samples. Interestingly, V. friburgensis communities (which were sampled at nearby locations) tended to be more heterogeneous across samples, for both eukaryotes and prokaryotes. The opposite was true for V. platynema, whose samples were more broadly spaced but whose communities were more similar to each other. Our results indicate that additional attention should be devoted to within-individual heterogeneity when assessing bromeliad phytotelmata biodiversity, and highlight the complexity of the biotic assemblages gathered in these unique habitats.",https://pubmed.ncbi.nlm.nih.gov/32562451/,out_of_scope,,,,
B0130,doi:10.1016/j.scitotenv.2025.179247,40154087,Active or passive? A multi-marker approach to compare active and passive eDNA sampling in riverine environments.,The Science of the total environment,2025,"Gabriele Cananzi, Irene Tatini, Tianshi Li, Matteo Montagna, Valentina Serra, Giulio Petroni",10.1016/j.scitotenv.2025.179247,"Environmental DNA (eDNA) is increasingly used in biodiversity monitoring with several collection techniques proposed. Those applied to aquatic eDNA can now be divided into two categories: active and passive sampling. Active sampling involves the deliberate and controlled collection of environmental samples, and the most common method is water filtration. Passive sampling is a more recent technique that involves capturing eDNA by relying on its adsorption to samplers, which can be fabricated from various materials, and submerged for minutes, hours or weeks. In this study, we compared the performance of water filtration and Passive eDNA Sampling (PEDS) with granular active carbon in terms of detected taxa collected from four different sites of the same river system. eDNA samples were amplified for three molecular markers for 18S rRNA, 12S rRNA and COI genes, with primers according to the literature that target invertebrates and vertebrates. The study revealed that PEDS detected on average more species in 18S rRNA and 12S rRNA assays, with 18S rRNA results presenting a significantly higher homogeneity of read variances between samples. Biological communities captured differed between PEDS and filters. The former method retrieved a significant number of microinvertebrates and chironomids (Chironomidae, Diptera), detecting a similar number of vertebrates to filters, but with lower performance in the detection of fish. Notably, both methods performed well with amphibians, successfully identifying all species linked to lotic environments in the studied area. Compared to PEDS, the eDNA capture protocol using filters yielded more sequences identified as ephemeropterans, trichopterans, and acarines. In addition, PEDS was more cost-effective and environmentally sustainable. These findings imply that there is no definitive superior eDNA sampling method. Consequently, in conjunction with studies proposing new methods of eDNA sampling, studies comparing their performance with a broad taxonomic representation will be pivotal.",https://pubmed.ncbi.nlm.nih.gov/40154087/,in_scope,,,,
B0131,doi:10.1016/j.hal.2021.102077,34456026,Diverse harmful microalgal community assemblages in the Johor Strait and the environmental effects on its community dynamics.,Harmful algae,2021,"Kieng Soon Hii, Monaliza Mohd-Din, Zhaohe Luo, Suh Nih Tan, Zhen Fei Lim, Li Keat Lee, Sandric Chee Yew Leong, Sing Tung Teng, Haifeng Gu, Xiuyun Cao, Po Teen Lim, Chui Pin Leaw",10.1016/j.hal.2021.102077,"Coastal ecosystems are often subjected to anthropogenic disturbances that lead to water quality deterioration and an increase in harmful algal bloom (HAB) events. Using the next-generation molecular tool of 18S rDNA metabarcoding, we examined the community assemblages of HAB species in the Johor Strait, Malaysia between May 2018 and September 2019, covering 19 stations across the strait. The molecular operational taxonomic units (OTUs) of HAB taxa retrieved from the dataset (n = 194) revealed a much higher number of HAB taxa (26 OTUs) than before, with 12 taxa belong to new records in the strait. As revealed in the findings of this study, the diversity and community structure of HAB taxa varied significantly over time and space. The most common and abundant HAB taxa in the strait (frequency of occurrence >70%) comprised Heterosigma akashiwo, Fibrocapsa japonica, Pseudo-nitzschia pungens, Dinophysis spp., Gymnodinium catenatum, Alexandrium leei, and A. tamiyavanichii. Also, our results demonstrated that the HAB community assemblages in the strait were dependent on the interplay of environmental variables that influence by the monsoonal effects. Different HAB taxa, constitute various functional types, occupied and prevailed in different environmental niches across space and time, leading to diverse community assemblages and population density. This study adds to the current understandings of HAB dynamics and provides a robust overview of temporal-spatial changes in HAB community assemblages along the environmental gradients in a tropical eutrophic coastal ecosystem.",https://pubmed.ncbi.nlm.nih.gov/34456026/,out_of_scope,,,,
B0132,doi:10.1017/erm.2020.3,32508294,DNA damage checkpoint kinases in cancer.,Expert reviews in molecular medicine,2020,"Hannah L Smith, Harriet Southgate, Deborah A Tweddle, Nicola J Curtin",10.1017/erm.2020.3,"DNA damage response (DDR) pathway prevents high level endogenous and environmental DNA damage being replicated and passed on to the next generation of cells via an orchestrated and integrated network of cell cycle checkpoint signalling and DNA repair pathways. Depending on the type of damage, and where in the cell cycle it occurs different pathways are involved, with the ATM-CHK2-p53 pathway controlling the G1 checkpoint or ATR-CHK1-Wee1 pathway controlling the S and G2/M checkpoints. Loss of G1 checkpoint control is common in cancer through TP53, ATM mutations, Rb loss or cyclin E overexpression, providing a stronger rationale for targeting the S/G2 checkpoints. This review will focus on the ATM-CHK2-p53-p21 pathway and the ATR-CHK1-WEE1 pathway and ongoing efforts to target these pathways for patient benefit.",https://pubmed.ncbi.nlm.nih.gov/32508294/,out_of_scope,,,,
B0133,doi:10.1002/edn3.399,,Monitoring the birds and the bees: Environmental DNA metabarcoding of flowers detects plant–animal interactions,Environmental DNA,2023,"Joshua P. Newton, Philip W. Bateman, Matthew J. Heydenrych, Joshua H. Kestel, Kingsley W. Dixon, Kit S. Prendergast, Nicole E. White, Paul Nevill",10.1002/edn3.399,"Animal pollinators are vital for the reproduction of ~90% of flowering plants. However, many of these pollinating species are experiencing declines globally, making effective pollinator monitoring methods more important than ever before. Pollinators can leave DNA on the flowers they visit, and metabarcoding of these environmental DNA (eDNA) traces provides an opportunity to detect the presence of flower visitors. Our study, collecting flowers from seven plant species with diverse floral morphologies, for eDNA metabarcoding analysis, illustrated the value of this novel survey tool. eDNA metabarcoding using three assays, including one developed in this study to target common bush birds, recorded more animal species visiting flowers than visual surveys conducted concurrently, including birds, bees, and other species. We also recorded the presence of a flower visit from a western pygmy possum; to our knowledge this is the first eDNA metabarcoding study to simultaneously identify the interaction of insect, mammal, and bird species with flowers. The highest diversity of taxa was detected on large inflorescence flower types found on Banksia arborea and Grevillea georgeana. The study demonstrates that the ease of sample collection and the robustness of the metabarcoding methodology has profound implications for future management of biodiversity, allowing us to monitor both plants and their attendant cohort of potential pollinators. This opens avenues for rapid and efficient comparison of biodiversity and ecosystem health between different sites and may provide insights into surrogate pollinators in the event of pollinator declines.",https://doi.org/10.1002/edn3.399,in_scope,,,,
B0134,doi:10.1016/j.bbagrm.2014.06.012,24953189,"A TEAD1/p65 complex regulates the eutherian-conserved MnSOD intronic enhancer, eRNA transcription and the innate immune response.",Biochimica et biophysica acta,2014,"Ann L Chokas, Justin S Bickford, Sarah J Barilovits, Richard J Rogers, Xiaolei Qiu, Kimberly J Newsom, Dawn E Beachy, Harry S Nick",10.1016/j.bbagrm.2014.06.012,"Manganese superoxide dismutase (MnSOD), a critical anti-oxidant enzyme, detoxifies the mitochondrial-derived reactive oxygen species, superoxide, elicited through normal respiration or the inflammatory response. Proinflammatory stimuli induce MnSOD gene expression through a eutherian-conserved, intronic enhancer element. We identified two prototypic enhancer binding proteins, TEAD1 and p65, that when co-expressed induce MnSOD expression comparable to pro-inflammatory stimuli. TEAD1 causes the nuclear sequestration of p65 leading to a novel TEAD1/p65 complex that associates with the intronic enhancer and is necessary for cytokine induction of MnSOD. Unlike typical NF-κB-responsive genes, the induction of MnSOD does not involve p50. Beyond MnSOD, the TEAD1/p65 complex regulates a subset of genes controlling the innate immune response that were previously viewed as solely NF-κB-dependent. We also identified an enhancer-derived RNA (eRNA) that is induced by either proinflammatory stimuli or the TEAD1/p65 complex, potentially linking the intronic enhancer to intra- and interchromosomal gene regulation through the inducible eRNA.",https://pubmed.ncbi.nlm.nih.gov/24953189/,out_of_scope,,,,
B0135,doi:10.1016/j.scitotenv.2022.160585,36502990,Metabarcoding airborne pollen from subtropical and temperate eastern Australia over multiple years reveals pollen aerobiome diversity and complexity.,The Science of the total environment,2022,"B C Campbell, S Van Haeften, K Massel, A Milic, J Al Kouba, B Addison-Smith, E K Gilding, P J Beggs, J M Davies",10.1016/j.scitotenv.2022.160585,"eDNA metabarcoding is an emergent tool to inform aerobiome complexity, but few studies have applied this technology with real-world environmental pollen monitoring samples. Here we apply eDNA metabarcoding to assess seasonal and regional differences in the composition of airborne pollen from routine samples collected across successive years. Airborne pollen concentrations over two sampling periods were determined using a continuous flow volumetric impaction air sampler in sub-tropical (Mutdapilly and Rocklea) and temperate (Macquarie Park and Richmond), sites of Australia. eDNA metabarcoding was applied to daily pollen samples collected once per week using the rbcL amplicon. Composition and redundancy analysis of the sequence read counts were examined. The dominant pollen families were mostly consistent between consecutive years but there was some heterogeneity between sites and years for month of peak pollen release. Many more families were detected by eDNA than counted by light microscopy with 211 to 399 operational taxonomic units assigned to family per site from October to May. There were 216 unique and 119 taxa shared between subtropics (27°S) and temperate (33°S) latitudes, with, for example, Poaceae, Myrtaceae and Causurinaceae being shared, and Manihot, Vigna and Aristida being in subtropical, and Ceratodon and Cerastium being in temperate sites. Certain genera were observed within the same location and season over the two years; Chloris at Rocklea in autumn of 2017-18 (0.625, p ≤ 0.004) and 2018-19 (0.55, p ≤ 0.001), and Pinus and Plantago at Macquarie Park in summer of 2017-18 (0.58, p ≤ 0.001 and 0.53, p ≤ 0.003, respectively), and 2018-19 (0.8, p ≤ 0.003 and 0.8, p ≤ 0.003, respectively). eDNA metabarcoding is a powerful tool to survey the complexity of pollen aerobiology and distinguish spatial and temporal profiles of local pollen to a far deeper level than traditional counting methods. However, further research is required to optimise the metabarcode target to enable reliable detection of pollen to genus and species level.",https://pubmed.ncbi.nlm.nih.gov/36502990/,in_scope,,,,
B0136,doi:10.1111/j.1365-2427.2009.02204.x,,The ecological limits of hydrologic alteration (ELOHA): a new framework for developing regional environmental flow standards,Freshwater Biology,2009,"N. LeRoy Poff, Brian D. Richter, Angela H. Arthington, Stuart E. Bunn, Robert J. Naiman, Eloise Kendy, Mike Acreman, Colin Apse, Brian P. Bledsoe, Mary C. Freeman, James A. Henriksen, Robert B. Jacobson, Jonathan G. Kennen, David M. Merritt, J. H. O’Keeffe, Julian D. Olden, Kevin H. Rogers, Rebecca E. Tharme, Andrew T. Warner",10.1111/j.1365-2427.2009.02204.x,"Summary 1. The flow regime is a primary determinant of the structure and function of aquatic and riparian ecosystems for streams and rivers. Hydrologic alteration has impaired riverine ecosystems on a global scale, and the pace and intensity of human development greatly exceeds the ability of scientists to assess the effects on a river‐by‐river basis. Current scientific understanding of hydrologic controls on riverine ecosystems and experience gained from individual river studies support development of environmental flow standards at the regional scale. 2. This paper presents a consensus view from a group of international scientists on a new framework for assessing environmental flow needs for many streams and rivers simultaneously to foster development and implementation of environmental flow standards at the regional scale. This framework, the ecological limits of hydrologic alteration (ELOHA), is a synthesis of a number of existing hydrologic techniques and environmental flow methods that are currently being used to various degrees and that can support comprehensive regional flow management. The flexible approach allows scientists, water‐resource managers and stakeholders to analyse and synthesise available scientific information into ecologically based and socially acceptable goals and standards for management of environmental flows. 3. The ELOHA framework includes the synthesis of existing hydrologic and ecological databases from many rivers within a user‐defined region to develop scientifically defensible and empirically testable relationships between flow alteration and ecological responses. These relationships serve as the basis for the societally driven process of developing regional flow standards. This is to be achieved by first using hydrologic modelling to build a ‘hydrologic foundation’ of baseline and current hydrographs for stream and river segments throughout the region. Second, using a set of ecologically relevant flow variables, river segments within the region are classified into a few distinctive flow regime types that are expected to have different ecological characteristics. These river types can be further subclassified according to important geomorphic features that define hydraulic habitat features. Third, the deviation of current‐condition flows from baseline‐condition flow is determined. Fourth, flow alteration–ecological response relationships are developed for each river type, based on a combination of existing hydroecological literature, expert knowledge and field studies across gradients of hydrologic alteration. 4. Scientific uncertainty will exist in the flow alteration–ecological response relationships, in part because of the confounding of hydrologic alteration with other important environmental determinants of river ecosystem condition (e.g. temperature). Application of the ELOHA framework should therefore occur in a consensus context where stakeholders and decision‐makers explicitly evaluate acceptable risk as a balance between the perceived value of the ecological goals, the economic costs involved and the scientific uncertainties in functional relationships between ecological responses and flow alteration. 5. The ELOHA framework also should proceed in an adaptive management context, where collection of monitoring data or targeted field sampling data allows for testing of the proposed flow alteration–ecological response relationships. This empirical validation process allows for a fine‐tuning of environmental flow management targets. The ELOHA framework can be used both to guide basic research in hydroecology and to further implementation of more comprehensive environmental flow management of freshwater sustainability on a global scale.",https://openalex.org/W2156353061,out_of_scope,,,,
B0137,doi:10.1111/jfb.14400,32441321,Fish as predators and prey: DNA-based assessment of their role in food webs.,Journal of fish biology,2020,"Michael Traugott, Bettina Thalinger, Corinna Wallinger, Daniela Sint",10.1111/jfb.14400,"Fish are both consumers and prey, and as such part of a dynamic trophic network. Measuring how they are trophically linked, both directly and indirectly, to other species is vital to comprehend the mechanisms driving alterations in fish communities in space and time. Moreover, this knowledge also helps to understand how fish communities respond to environmental change and delivers important information for implementing management of fish stocks. DNA-based methods have significantly widened our ability to assess trophic interactions in both marine and freshwater systems and they possess a range of advantages over other approaches in diet analysis. In this review we provide an overview of different DNA-based methods that have been used to assess trophic interactions of fish as consumers and prey. We consider the practicalities and limitations, and emphasize critical aspects when analysing molecular derived trophic data. We exemplify how molecular techniques have been employed to unravel food web interactions involving fish as consumers and prey. In addition to the exciting opportunities DNA-based approaches offer, we identify current challenges and future prospects for assessing fish food webs where DNA-based approaches will play an important role.",https://pubmed.ncbi.nlm.nih.gov/32441321/,out_of_scope,,,,
B0138,doi:10.1371/journal.pone.0185043,28915253,Persistence of marine fish environmental DNA and the influence of sunlight.,PloS one,2017,"Elizabeth A Andruszkiewicz, Lauren M Sassoubre, Alexandria B Boehm",10.1371/journal.pone.0185043,"Harnessing information encoded in environmental DNA (eDNA) in marine waters has the potential to revolutionize marine biomonitoring. Whether using organism-specific quantitative PCR assays or metabarcoding in conjunction with amplicon sequencing, scientists have illustrated that realistic organism censuses can be inferred from eDNA. The next step is establishing ways to link information obtained from eDNA analyses to actual organism abundance. This is only possible by understanding the processes that control eDNA concentrations. The present study uses mesocosm experiments to study the persistence of eDNA in marine waters and explore the role of sunlight in modulating eDNA persistence. We seeded solute-permeable dialysis bags with water containing indigenous eDNA and suspended them in a large tank containing seawater. Bags were subjected to two treatments: half the bags were suspended near the water surface where they received high doses of sunlight, and half at depth where they received lower doses of sunlight. Bags were destructively sampled over the course of 87 hours. eDNA was extracted from water samples and used as template for a Scomber japonicus qPCR assay and a marine fish-specific 12S rRNA PCR assay. The latter was subsequently sequenced using a metabarcoding approach. S. japonicus eDNA, as measured by qPCR, exhibited first order decay with a rate constant ~0.01 hr -1 with no difference in decay rate constants between the two experimental treatments. eDNA metabarcoding identified 190 organizational taxonomic units (OTUs) assigned to varying taxonomic ranks. There was no difference in marine fish communities as measured by eDNA metabarcoding between the two experimental treatments, but there was an effect of time. Given the differences in UVA and UVB fluence received by the two experimental treatments, we conclude that sunlight is not the main driver of fish eDNA decay in the experiments. However, there are clearly temporal effects that need to be considered when interpreting information obtained using eDNA approaches.",https://pubmed.ncbi.nlm.nih.gov/28915253/,in_scope,,,,
B0139,doi:10.1016/j.envres.2024.119374,38885824,"Barcoding Brazilian mammals to monitor biological diversity and threats: Trends, perspectives, and knowledge gaps.",Environmental research,2024,"Hernani Fernandes Magalhães Oliveira, Geraldo Brito Freire-Jr, Daiana Cardoso Silva, Vanessa Alves Mata, Fernanda Delborgo Abra, Nícholas Ferreira de Camargo, L G Araujo Goebel, Gabriela Rodrigues Longo, Joaquim Manoel Silva, Guarino Rinaldi Colli, Fabricius Maia Chaves Bicalho Domingos",10.1016/j.envres.2024.119374,"DNA barcoding and environmental DNA (eDNA) represent significant advances for biomonitoring the world's biodiversity and its threats. However, these methods are highly dependent on the presence of species sequences on molecular databases. Brazil is one of the world's largest and most biologically diverse countries. However, many knowledge gaps still exist for describing, identifying, and monitoring of mammalian biodiversity using molecular methods. We aimed to unravel the patterns of the presence of Brazilian mammal species on molecular databases to improve our understanding of how effectively it would be to monitor them using DNA barcoding and environmental DNA, and contribute to mammalian conservation. We foundt many gaps in molecular databases, with many taxa being poorly represented, particularly from Amazonia, the order Lagomorpha, and arboreal, gomivorous, near extinct, and illegally traded species. Moreover, our analyses revealed that species description year was the most important factor determining the probability of a species to being sequenced. Primates are the group with the highest number of species considered a priority for sequencing due to their high level of combined threats. We highlight where investments are needed to fill knowledge gaps and increase the representativity of species on molecular databases to enable a better monitoring ability of Brazilian mammals encompassing different traits using DNA barcoding and environmental DNA.",https://pubmed.ncbi.nlm.nih.gov/38885824/,out_of_scope,,,,
B0140,doi:10.1111/1749-4877.12832,38730493,Validation and development of eDNA metabarcoding primers for comprehensive assessment of Chinese amphibians.,Integrative zoology,2024,"Dongyi Wu, Pingshin Lee, Hongman Chen, Fang Yan, Jiayue Huang, Yanhong He, Ruiyao Wu, Zhiyong Yuan",10.1111/1749-4877.12832,"Environmental DNA (eDNA) metabarcoding has emerged as a powerful, non-invasive tool for biodiversity assessments. However, the accuracy and limitations of these assessment techniques are highly dependent on the choice of primer pairs being used. Although several primer sets have been used in eDNA metabarcoding studies of amphibians, there are few comparisons of their reliability and efficiency. Here, we employed lab- and field-tested sets of publicly available and de novo-designed primers in amplifying 83 species of amphibian from all three orders (Anura, Caudata, and Gymnophiona) and 13 families present in China to evaluate the versatility and specificity of these primers sets in amphibian eDNA metabarcoding studies. Three pairs of primers were highly effective, as they could successfully amplify all the major clades of Chinese amphibians in our study. A few non-amphibian taxa were also amplified by these primers, which implies that further optimization of amphibian-specific primers is still needed. The simultaneous use of three primer sets can completely cover all the species obtained by conventional survey methods and has even effectively distinguished quite a number of species (n = 20) in the Wenshan National Nature Reserve. No single primer set could individually detect all of the species from the studied region, indicating that multiple primers might be necessary for a comprehensive survey of Chinese amphibians. Besides, seasonal variations in amphibian species composition were also revealed by eDNA metabarcoding, which was consistent with traditional survey methods. These results indicate that eDNA metabarcoding has the potential to be a powerful tool for studying spatial and temporal community changes in amphibian species richness.",https://pubmed.ncbi.nlm.nih.gov/38730493/,in_scope,,,,
B0141,doi:10.1002/ece3.10697,38020676,"Correction to ""Environmental DNA (eDNA) reveals potential for interoceanic fish invasions across the Panama Canal"".",Ecology and evolution,2023,,10.1002/ece3.10697,[This corrects the article DOI: 10.1002/ece3.9675.].,https://pubmed.ncbi.nlm.nih.gov/38020676/,unsure,,,,
B0142,doi:10.1021/acsnano.5c15324,41258876,Ultrasensitive Nucleic Acid Testing: From Foundational Research to Clinical Translation.,ACS nano,2025,"Bao Li, Xuanyu Gu, Wu Zeng, Baobao Lin, Xinhe Liu, Chwee Teck Lim, Peng Liu",10.1021/acsnano.5c15324,"The ability to detect nucleic acids at ever-lower detection limits is crucial in molecular science, enabling disease management to shift from reactive response to proactive prediction and personalized medicine. This review synthesizes the technological landscape, which is organized into three strategies. First, we examine amplification-dependent platforms, charting their evolution from the quantitative polymerase chain reaction (PCR) to the absolute quantification of digital PCR (dPCR) and the rapid point-of-care utility of isothermal methods. Second, we explore amplification-free paradigms, where technologies such as clustered regularly interspaced short-palindromic repeat (CRISPR)-based diagnostics and nanopore sequencing achieve sensitivity through signal generation mechanisms that directly interrogate native target molecules. Finally, we detail the emergence of nanotechnology-based biosensors, which employ the physicochemical properties of nanomaterials to transduce molecular recognition events into measurable optical or electronic signals. The clinical and scientific translation of these platforms is very useful, enabling noninvasive cancer monitoring via liquid biopsy, real-time infectious disease surveillance, and the reconstruction of past ecosystems from trace environmental DNA. However, realizing the full potential of these technologies is contingent on overcoming significant translational hurdles. Critical challenges include the standardization of preanalytical workflows to ensure sample integrity and the engineering of fully integrated, cost-effective ""sample-in, answer-out"" systems suitable for widespread deployment. The future trajectory of the field points toward the convergence of these molecular tools with microfluidics, automation, and artificial intelligence, thus promoting decentralized and predictive healthcare.",https://pubmed.ncbi.nlm.nih.gov/41258876/,out_of_scope,,,,
B0143,doi:10.3390/ani14162433,39199966,Environment DNA Reveals Fish Diversity in a Canyon River within the Upper Pearl River Drainage.,Animals : an open access journal from MDPI,2024,"Si Luo, Meng Wang, Weizhong Ma, Dangen Gu, Zhijun Jin, Ruiqi Yang, Zhen Qian, Chengwen Song, Zexin Wang, Shiyu Jin",10.3390/ani14162433,"Investigating fish diversity in canyon rivers through conventional fish surveys is challenging due to precipitous conditions, including steep slopes, rapid water flow, and complex habitats. Additionally, intensive construction of dams has further complicated the understanding of contemporary fish diversity in these rivers. In this study, we used the environmental DNA (eDNA) technique to assess fish diversity and examine the effects of dams on fish diversity in the Mabiehe River, a canyon river in the upper reaches of the Pearl River drainage. Water samples from 15 sampling sites were collected, yielding 9,356,148 valid sequences. Utilizing the NCBI public database, a total of 60 freshwater fish species were identified, with Carassius auratus, Cyprinus carpio, and Pelteobagrus fulvidraco being the most dominant species in the Mabiehe River. We also detected one nationally protected fish species, three provincially protected fish species, and six exotic species in this river. Furthermore, eDNA analyses demonstrated that the lotic river sections harbor more species and greater diversity than dammed sections, suggesting that dams might exert significant impacts on local fish diversity. Overall, this study supports the effectiveness of the eDNA technique as a complementary tool to traditional field surveys for monitoring fish biodiversity in canyon rivers.",https://pubmed.ncbi.nlm.nih.gov/39199966/,in_scope,,,,
B0144,doi:10.1002/edn3.70241,,VHSV and IHNV in the Environment: Assessment and Comparison of eRNA‐Based Methods for Detection in Aquaculture,Environmental DNA,2026,"Giulia Zarantonello, Dagoberto Sepúlveda Araneda, Niccolò Vendramin, Andrea Marsella, Niels Lorenzen, Argelia Cuenca",10.1002/edn3.70241,"Infectious hematopoietic necrosis virus (IHNV) and viral haemorrhagic septicaemia virus (VHSV) are major pathogens in aquaculture. Detection of both viruses requires lethal sampling, as it is typically performed by testing of internal organs. However, this approach only identifies the pathogens once viral transmission has already occurred and infection is underway. As both viruses can spread through water, an efficient environmental detection method could significantly improve disease control and prevention of transmission, and enhance welfare by reducing lethal sampling. In this study, we assessed the feasibility of detecting IHNV and VHSV environmental RNA (eRNA) in water during in vivo infection trials in Oncorhynchus mykiss , using RT‐qPCR. By sampling at multiple time points post‐exposure, we could evaluate the efficacy of detection at decreasing viral concentration in water over time. Viral eRNA was recovered using different methods: viral concentration with polyethylene glycol (PEG) precipitation, filter membranes, filtered water, or unprocessed water samples. RT‐qPCR values were compared to the quantification of infectious particles using viral titration, with RT‐qPCR consistently detecting higher eRNA copies/mL than the cell‐based assay to detect infectious particles (TCID 50 /mL). eRNA detection from the filter membranes significantly outperformed the other tested methods, enhancing eRNA recovery particularly at lower viral concentrations. Notably, eRNA detection in water was still possible after the peak of mortality for both viruses. Additionally, IHNV eRNA was successfully detected in farm water samples, even up to 50 days post initial fish tissue diagnosis, confirming the feasibility under real conditions. This study provides the first quantification of IHNV eRNA from aquaculture water and demonstrates the effectiveness of a filtration‐based viral concentration method for environmental surveillance. These findings suggest that eRNA‐based RT‐qPCR detection of IHNV and VHSV from water could be a valuable addition to current diagnostic tools, potentially enabling earlier detection and improved containment in aquaculture and the surrounding environment.",https://doi.org/10.1002/edn3.70241,in_scope,,,,
B0145,doi:10.1111/j.1462-2920.2007.01539.x,18294206,Bacterial diversity in the oxygen minimum zone of the eastern tropical South Pacific.,Environmental microbiology,2008,"Heike Stevens, Osvaldo Ulloa",10.1111/j.1462-2920.2007.01539.x,"The structure and diversity of bacterial communities associated with the oxygen minimum zone (OMZ) of the eastern tropical South Pacific was studied through phylogenetic analysis. Clone libraries of 16S rRNA gene fragments were constructed using environmental DNA collected from the OMZ (60 m and 200 m), the sea surface (10 m), and the deep oxycline (450 m). At the class level, the majority of sequences affiliated to the gamma- (53.7%) and alpha-Proteobacteria (19.7%), and to the Bacteroidetes (11.2%). A vertical partitioning of the bacterial communities was observed, with main differences between the suboxic OMZ and the more oxygenated surface and deep oxycline waters. At the surface, the microbial community was predominantly characterized by SAR86, Loktanella and unclassified Flavobacteriaceae, whereas the deeper layer was dominated by Sulfitobacter and unclassified Alteromonadaceae. In the OMZ, major constituents affiliated to the marine SAR11 clade and to thiotrophic gamma-symbionts (25% of all sequences), a group not commonly found in pelagic waters. Sequences affiliating to the phylum Chloroflexi, to the AGG47 and SAR202 clades, to the delta-Proteobacteria, to the Acidobacteria, and to the 'anammox group' of the Planctomycetes were found exclusively in the OMZ. The bacterial richness in the OMZ was higher than in the oxic surface and deeper oxycline, as revealed by rarefaction analysis and the Chao1 richness estimator (surface: 45 +/- 8, deeper oxycline: 76 +/- 26; OMZ (60 m): 97 +/- 33, OMZ (200 m): 109 +/- 31). OMZ bacterial diversity indices (Fisher's: approximately 30 +/- 5, Shannon's: approximately 3.31, inverse Simpson's: approximately 20) were similar to those found in other pelagic marine environments. Thus, our results indicate a distinct and diverse bacterial community within the OMZ, with presumably novel and yet uncultivated bacterial lineages.",https://pubmed.ncbi.nlm.nih.gov/18294206/,out_of_scope,,,,
B0146,doi:10.1146/annurev.marine.010908.163742,,Advances in Quantifying Air-Sea Gas Exchange and Environmental Forcing,Annual Review of Marine Science,2008,"Rik Wanninkhof, William E. Asher, David T. Ho, Colm Sweeney, Wade R. McGillis",10.1146/annurev.marine.010908.163742,"The past decade has seen a substantial amount of research on air-sea gas exchange and its environmental controls. These studies have significantly advanced the understanding of processes that control gas transfer, led to higher quality field measurements, and improved estimates of the flux of climate-relevant gases between the ocean and atmosphere. This review discusses the fundamental principles of air-sea gas transfer and recent developments in gas transfer theory, parameterizations, and measurement techniques in the context of the exchange of carbon dioxide. However, much of this discussion is applicable to any sparingly soluble, non-reactive gas. We show how the use of global variables of environmental forcing that have recently become available and gas exchange relationships that incorporate the main forcing factors will lead to improved estimates of global and regional air-sea gas fluxes based on better fundamental physical, chemical, and biological foundations.",https://openalex.org/W2111317694,out_of_scope,,,,
B0147,doi:10.1111/jam.13468,,EnvironmentalEscherichia coli: ecology and public health implications-a review,Journal of Applied Microbiology,2017,"Jeonghwan Jang, Hor‐Gil Hur, Michael J. Sadowsky, Muruleedhara N. Byappanahalli, Tao Yan, Satoshi Ishii",10.1111/jam.13468,"Escherichia coli is classified as a rod-shaped, Gram-negative bacterium in the family Enterobacteriaceae. The bacterium mainly inhabits the lower intestinal tract of warm-blooded animals, including humans, and is often discharged into the environment through faeces or wastewater effluent. The presence of E. coli in environmental waters has long been considered as an indicator of recent faecal pollution. However, numerous recent studies have reported that some specific strains of E. coli can survive for long periods of time, and potentially reproduce, in extraintestinal environments. This indicates that E. coli can be integrated into indigenous microbial communities in the environment. This naturalization phenomenon calls into question the reliability of E. coli as a faecal indicator bacterium (FIB). Recently, many studies reported that E. coli populations in the environment are affected by ambient environmental conditions affecting their long-term survival. Large-scale studies of population genetics revealed the diversity and complexity of E. coli strains in various environments, which are affected by multiple environmental factors. This review examines the current knowledge on the ecology of E. coli strains in various environments with regard to its role as a FIB and as a naturalized member of indigenous microbial communities. Special emphasis is given on the growth of pathogenic E. coli in the environment, and the population genetics of environmental members of the genus Escherichia. The impact of environmental E. coli on water quality and public health is also discussed.",https://openalex.org/W2604761724,out_of_scope,,,,
B0148,doi:10.1038/s41598-018-23740-5,29615662,Environmental DNA (eDNA) detects the pool frog (Pelophylax lessonae) at times when traditional monitoring methods are insensitive.,Scientific reports,2018,"Alexander Eiler, Anders Löfgren, Olle Hjerne, Sara Nordén, Peter Saetre",10.1038/s41598-018-23740-5,"Detection of endangered species is invaluable for conservation efforts, yet many traditional sampling techniques are ineffective at low population abundances or during certain periods of the year. Here, we compared results from a newly developed eDNA approach and the traditional observational method for the endangered pool frog (Pelophylax lessonae). Analysis using an occupancy-modeling framework indicated that the probability of pools being occupied using eDNA (0.93) was higher than for the traditional method of counting calling males and silent observed individuals (0.72). Detailed analysis revealed complementarity among the methods. That is, the traditional method gave a high rate of observation in June, whereas eDNA gave at least as many or more observations during other parts of the year. Discrepancies among the methods depended on the dominant lifecycle stage, and eDNA concentrations were higher when juveniles were present than at times when spawning occurred. eDNA concentrations were also positively related to P. lessonae observations. Our study demonstrates that an eDNA protocol for monitoring of endangered amphibian species can be particularly valuable during periods when individuals are hard to detect by observational methods, and provides guidance to sampling efforts for research and monitoring programs in other regions and systems.",https://pubmed.ncbi.nlm.nih.gov/29615662/,in_scope,,,,
B0149,doi:10.1001/jama.2020.3227,,"Air, Surface Environmental, and Personal Protective Equipment Contamination by Severe Acute Respiratory Syndrome Coronavirus 2 (SARS-CoV-2) From a Symptomatic Patient",JAMA,2020,"Sean Wei Xiang Ong, Yian Kim Tan, Po Ying Chia, Tau Hong Lee, Oon Tek Ng, Michelle Wong, Kalisvar Marimuthu",10.1001/jama.2020.3227,This study documents results of SARS-CoV-2 polymerase chain reaction (PCR) testing of environmental surfaces and personal protective equipment surrounding 3 COVID-19 patients in isolation rooms in a Singapore hospital.,https://openalex.org/W3010449299,in_scope,,,,
B0150,doi:10.1371/journal.pone.0173837,28273174,Correction: Potential of Environmental DNA to Evaluate Northern Pike (Esox lucius) Eradication Efforts: An Experimental Test and Case Study.,PloS one,2017,"Kristine J Dunker, Adam J Sepulveda, Robert L Massengill, Jeffrey B Olsen, Ora L Russ, John K Wenburg, Anton Antonovich",10.1371/journal.pone.0173837,[This corrects the article DOI: 10.1371/journal.pone.0162277.].,https://pubmed.ncbi.nlm.nih.gov/28273174/,unsure,,,,
B0151,doi:10.1016/j.marpolbul.2025.118036,40294512,Monitoring marine pollution effects through targeted environmental DNA (eDNA) testing in the Pacific northwest.,Marine pollution bulletin,2025,"Neha Acharya-Patel, Karen Cram, Emma T Groenwold, Hajeong Lee, Abigail G Keller, Breanna Bomback, Shirley Lyons, Rene L Warren, Lauren Coombe, Christopher J Lowe, Lauren C Bergman, Farida Bishay, Inanc Birol, Tara A Macdonald, Caren C Helbing",10.1016/j.marpolbul.2025.118036,"Globally, coastal waters experience degradation from pollution associated with multiple discharges, including industrial and agricultural runoff, and municipal wastewater. Certain benthic infaunal taxa are tolerant of high nutrient input and anoxic conditions, while others are sensitive to these conditions. Using these indicator taxa as proxies for assessing organic enrichment is well established to characterize subsequent pollution impacts. Conventional assessment of macroinfauna involves the detailed analysis of each individual specimen within a sample by taxonomic experts, a resource intensive process. As an alternative, we developed sensitive quantitative polymerase chain reaction (qPCR) assays to detect these indicator taxa in a scalable and reliable way. Using whole genome shotgun sequencing, we generated full mitogenome sequences of selected indicator macroinfaunal polychaetes routinely used for monitoring programs in Pacific Northwest marine environments. These sequences were used to design five new, rigorously validated environmental DNA (eDNA) assays capable of detecting low levels of DNA that can be isolated from environmental samples. For nine sites at a wastewater treatment plant outfall in Vancouver, British Columbia, we tested three eDNA sample collection types: active filtration, a passive dip filter from water containing collected macroinfauna, and active filtration from water collected near the sea floor. Generalized linear models indicated that eDNA signal strength correlated with organism count particularly with passive dip sample collection type. eDNA occupancy modelling techniques estimated detection probabilities corresponding with organism count. The present study emphasizes the value of integrating eDNA into marine outfall monitoring efforts to enhance the assessment of environmental effects.",https://pubmed.ncbi.nlm.nih.gov/40294512/,in_scope,,,,
B0152,doi:10.1038/s42003-017-0005-3,30271891,Acidity promotes degradation of multi-species environmental DNA in lotic mesocosms.,Communications biology,2018,"Mathew Seymour, Isabelle Durance, Bernard J Cosby, Emma Ransom-Jones, Kristy Deiner, Steve J Ormerod, John K Colbourne, Gregory Wilgar, Gary R Carvalho, Mark de Bruyn, François Edwards, Bridget A Emmett, Holly M Bik, Simon Creer",10.1038/s42003-017-0005-3,"Accurate quantification of biodiversity is fundamental to understanding ecosystem function and for environmental assessment. Molecular methods using environmental DNA (eDNA) offer a non-invasive, rapid, and cost-effective alternative to traditional biodiversity assessments, which require high levels of expertise. While eDNA analyses are increasingly being utilized, there remains considerable uncertainty regarding the dynamics of multispecies eDNA, especially in variable systems such as rivers. Here, we utilize four sets of upland stream mesocosms, across an acid-base gradient, to assess the temporal and environmental degradation of multispecies eDNA. Sampling included water column and biofilm sampling over time with eDNA quantified using qPCR. Our findings show that the persistence of lotic multispecies eDNA, sampled from water and biofilm, decays to non-detectable levels within 2 days and that acidic environments accelerate the degradation process. Collectively, the results provide the basis for a predictive framework for the relationship between lotic eDNA degradation dynamics in spatio-temporally dynamic river ecosystems.",https://pubmed.ncbi.nlm.nih.gov/30271891/,in_scope,,,,
B0153,doi:10.1016/j.scitotenv.2022.158121,35988620,Assessment of biological community in riparian zone contaminated by PAHs: Linking source apportionment to biodiversity.,The Science of the total environment,2022,"Haotian Sun, Qiqi Chen, Wenwu Chen, Chengkai Qu, Jiezhang Mo, Jinxi Song, Jiahua Guo, Yulu Tian",10.1016/j.scitotenv.2022.158121,"Riparian zone, an important land-water interface, plays an essential role in maintaining the ecological health of rivers, whereas the effects of Polycyclic aromatic hydrocarbons (PAHs) on the health of biological communities in riparian groundwater remain undetermined. To understand the responses of multiple communities to environmental variables, the distribution and ecosystem risk of 16 PAHs have been investigated in the Beiluo River, China. The distribution of multiple communities in riparian groundwater was investigated by environmental DNA metabarcoding, including 16S rRNA, 18S rRNA, and COI gene sequencing for bacteria, microbial eukaryotes (including algae, fungi, and protozoa), and metazoan, respectively, followed by correlation analysis between multiple communities and PAH contamination levels. The concentration of PAHs in the Beiluo River ranged largely from 35.32 to 728.59 ng/L. Here, the Shannon's diversity index of bacteria (Firmicutes) decreased possibly due to the occurrence of Pyrene, which mainly derives from coal and biomass combustion. Furthermore, the reduced richness of fungi (Ascomycota, Basidiomycota) and algae (Chlorophyta, Chrysophyceae) can be attributed to the presence of medium molecular weight (MMW) PAHs (Pyrene, Benz(a)anthracene, Chrysene), and low molecular weight (LMW) PAHs (Naphthalene, Fluorene, Phenanthrene). The richness and Shannon's diversity index of metazoan (Arthropoda) were promoted owing to MMW PAHs (Chrysene, Fluoranthene) generated from coal and biomass combustion and traffic emission. The ecological risk of PAHs in the groundwater environment of the Beiluo River was characterized as low to medium, where LMW and MMW PAHs posed higher risk than the high molecular weight (HMW) compounds. Overall, this study provides insights into the structures of riparian multi-biological communities altered by PAHs.",https://pubmed.ncbi.nlm.nih.gov/35988620/,in_scope,,,,
B0154,doi:10.1111/jfb.14190,31674010,Seasonal dynamics of riverine fish communities using eDNA.,Journal of fish biology,2019,"Tristan Milhau, Alice Valentini, Nicolas Poulet, Nicolas Roset, Pauline Jean, Coline Gaboriaud, Tony Dejean",10.1111/jfb.14190,"As fish communities are a major concern in rivers ecosystems, we investigated if their environmental (e)DNA signals vary according to the sampling period or hydromorphological conditions. Three rivers were studied over a year using eDNA metabarcoding approach. The majority of the species (c. 80%) were detected all year round in two rivers having similar hydromorphological conditions, whereas in the river affected by an upstream lake waterflow, more species were detected sporadically (42%). For all the rivers, in more than 98% of the occasional detections, the reads abundance represented <0.4% of the total reads per site and per sampling session. Even if the majority of the fish communities remained similar over the year for each of the three rivers, specific seasonal patterns were observed. We studied if the waterflow or the reproduction period had an effect on the observed dynamics. Waterflow, which influences eDNA downstream transportation, had a global influence in taxonomic richness, while the fishes' reproductive period had only an influence on certain species. Our results may help selecting the best sampling strategy according to research objectives. To study fish communities at local scale, seasons of low waterflow periods are recommended. This particularly helps to restraint effects of external eDNA coming from connections with other aquatic environment (tributaries, lakes, wetlands, sewage effluents, etc.). To obtain a more integrative overview of the fish community living in a river basin, high waterflow or breeding seasons are preferable for enhancing species detection probability, especially for rare species.",https://pubmed.ncbi.nlm.nih.gov/31674010/,in_scope,,,,
B0155,doi:10.1016/j.marpolbul.2022.114062,36075115,Detection of community-wide impacts of bottom trawl fishing on deep-sea assemblages using environmental DNA metabarcoding.,Marine pollution bulletin,2022,"Edward Good, Luke E Holman, Antonio Pusceddu, Tommaso Russo, Marc Rius, Claudio Lo Iacono",10.1016/j.marpolbul.2022.114062,"Although considerable research progress on the effects of anthropogenic disturbance in the deep sea has been made in recent years, our understanding of these impacts at community level remains limited. Here, we studied deep-sea assemblages of Sicily (Mediterranean Sea) subject to different intensities of benthic trawling using environmental DNA (eDNA) metabarcoding and taxonomic identification of meiofauna communities. Firstly, eDNA metabarcoding data did not detect trawling impacts using alpha diversity whereas meiofauna data detected a significant effect of trawling. Secondly, both eDNA and meiofauna data detected significantly different communities across distinct levels of trawling intensity when we examined beta diversity. Taxonomic assignment of the eDNA data revealed that Bryozoa was present only at untrawled sites, highlighting their vulnerability to trawling. Our results provide evidence for community-wide impacts of trawling, with different trawling intensities leading to distinct deep-sea communities. Finally, we highlight the need for further studies to unravel understudied deep-sea biodiversity.",https://pubmed.ncbi.nlm.nih.gov/36075115/,in_scope,,,,
B0156,doi:10.1093/femsec/fiy048,29579182,eDNA from roots: a robust tool for determining Phytophthora communities in natural ecosystems.,FEMS microbiology ecology,2018,"Ihsanul Khaliq, Giles E St J Hardy, Diane White, Treena I Burgess",10.1093/femsec/fiy048,"Proper isolation and identification of Phytophthora species is critical due to their broad distribution and huge impact on natural ecosystems throughout the world. In this study, five different sites were sampled and seven methods were compared to determine the Phytophthora community. Three traditional isolation methods were conducted (i) soil baiting, (ii) filtering of the bait water and (iii) isolation from field roots using Granny Smith apples. These were compared to four sources of eDNA used for metabarcoding using Phytophthora-specific primers on (i) sieved field soil, (ii) roots from field, (iii) filtered baiting water and (iv) roots from bait plants grown in the glasshouse in soil collected from these sites. Six Phytophthora species each were recovered by soil baiting using bait leaves and from the filtered bait water. No Phytophthora species were recovered from Granny Smith apples. eDNA extracted from field roots detected the highest number of Phytophthora species (25). These were followed by direct DNA isolation from filters (24), isolation from roots from bait plants grown in the glasshouse (19), and DNA extraction from field soil (13). Therefore, roots were determined to be the best substrate for detecting Phytophthora communities using eDNA.",https://pubmed.ncbi.nlm.nih.gov/29579182/,in_scope,,,,
B0157,doi:10.1016/j.scitotenv.2020.141394,32814295,Development and application of eDNA-based tools for the conservation of white-clawed crayfish.,The Science of the total environment,2020,"Christopher R Troth, Alfred Burian, Quentin Mauvisseau, Mark Bulling, Jen Nightingale, Christophe Mauvisseau, Michael J Sweet",10.1016/j.scitotenv.2020.141394,"eDNA-based methods represent non-invasive and cost-effective approaches for species monitoring and their application as a conservation tool has rapidly increased within the last decade. Currently, they are primarily used to determine the presence/absence of invasive, endangered or commercially important species, but they also hold potential to contribute to an improved understanding of the ecological interactions that drive species distributions. However, this next step of eDNA-based applications requires a thorough method development. We developed an eDNA assay for the white-clawed crayfish (Austropotamobius pallipes), a flagship species of conservation in the UK and Western Europe. Multiple subsequent in-situ and ex-situ validation tests aimed at improving method performance allowed us to apply eDNA-based surveys to evaluate interactions between white-clawed crayfish, crayfish plague and invasive signal crayfish. The assay performed well in terms of specificity (no detection of non-target DNA) and sensitivity, which was higher compared to traditional methods (in this case torching). The eDNA-based quantification of species biomass was, however, less reliable. Comparison of eDNA sampling methods (precipitation vs. various filtration approaches) revealed that optimal sampling method differed across environments and might depend on inhibitor concentrations. Finally, we applied our methodology together with established assays for crayfish plague and the invasive signal crayfish, demonstrating their significant interactions in a UK river system. Our analysis highlights the importance of thorough methodological development of eDNA-based assays. Only a critical evaluation of methodological strengths and weaknesses will allow us to capitalise on the full potential of eDNA-based methods and use them as decision support tools in environmental monitoring and conservation practice.",https://pubmed.ncbi.nlm.nih.gov/32814295/,in_scope,,,,
B0158,doi:10.1111/j.1365-2672.2011.05065.x,,Effects of environmental factors on microbial induced calcium carbonate precipitation,Journal of Applied Microbiology,2011,"Brina M. Mortensen, Markus Haber, Jason T. DeJong, Laurie F. Caslake, Douglas C. Nelson",10.1111/j.1365-2672.2011.05065.x,This study advances the biological treatment process MICP towards field implementation by addressing key environmental hurdles faced with during the upscaling process.,https://openalex.org/W1904910510,out_of_scope,,,,
B0159,doi:10.1016/j.rser.2017.01.059,,"Economic growth, energy, and environmental Kuznets curve",Renewable and Sustainable Energy Reviews,2017,"Selin Özokcu, Özlem Özdemir",10.1016/j.rser.2017.01.059,"The aim of this study is to investigate the relationship between income and Carbon Dioxide (CO2) emissions in the context of the Environmental Kuznets Curve (EKC), which posits the existence of an inverted U-shape relationship between environmental degradation and economic development. For this purpose, two empirical models are examined. For both models, the relationship between per capita income and per capita CO2 emissions and the relationship among per capita income, per capita energy use, and per capita CO2 emissions are analyzed respectively between 1980 and 2010, using the panel data estimation techniques with the application of Driscoll-Kraay Standard Errors. Yet, for the first model, data are analyzed for 26 OECD countries with high income levels, while for the second model, data are examined for 52 emerging countries. The results of both models show that N-shape and an inverted N-shape relationship for cubic functional form are observed. Thus, the results do not support the EKC hypothesis, which implies that environmental degradation cannot be solved automatically by economic growth.",https://openalex.org/W2573612119,out_of_scope,,,,
B0160,doi:10.1002/edn3.70112,,Capture—Incubate—Release: An Animal‐Friendly Approach to Assess Local Aquatic Macroinvertebrate Species Diversity Through Environmental DNA Metabarcoding,Environmental DNA,2025,"Mandy Sander, Arne J. Beermann, Dominik Buchner, Martina Weiss, Marie‐Thérése Werner, Florian Leese",10.1002/edn3.70112,"Metabarcoding of environmental DNA (eDNA) from water samples has become an important tool for aquatic biodiversity assessment because it is minimally invasive, time‐efficient, and generates comprehensive taxa lists. Nevertheless, species lists differ noticeably from those obtained via bulk metabarcoding of the local benthic community because of eDNA traces transported in the water column. However, it is important for several assessments to capture local biodiversity signals. Our goal was to test whether we can combine the advantages of both methods, that is, obtaining a local signal and being minimally invasive. Therefore, our developed method includes capturing local benthic invertebrates, incubating them in a water container for eDNA enrichment and analysis, and releasing them back to their habitat. We first quantified eDNA release over time for 10 invertebrate species in a laboratory setting using qPCR. We found that a 5‐min incubation is sufficient to successfully detect 50% of the replicates for six of the 10 species. Three of the species showed a significant increase in eDNA molecules over time. However, the experiment showed a species‐specific eDNA release pattern that was not directly linked to body sclerotization nor biomass. As a second experiment, we sampled bulk samples at three field sites and incubated the bulk samples for 0, 20, 40, and 80 min in containers filled with stream water to compare taxa lists obtained via metabarcoding of bulk and the enriched eDNA samples. Our results showed a much higher overlap between bulk and enriched eDNA metabarcoding (55%–60%) in comparison to reported overlaps between bulk and stream eDNA metabarcoding from other studies (often",https://doi.org/10.1002/edn3.70112,in_scope,,,,
B0161,doi:10.1016/j.jviromet.2021.114212,34126107,Evaluation of three different concentration and extraction methods for recovery efficiency of human adenovirus and human rotavirus virus A.,Journal of virological methods,2021,"Islam Nour, Atif Hanif, Fahd Alanazi, Adel M Zakri, Ibrahim Al-Ashkar, Abdulkarim Alhetheel, Saleh Eifan",10.1016/j.jviromet.2021.114212,"Routine wastewater treatment plants (WWTPs) effluents monitoring is essential because of enteric viruses' low infectious dose beyond molecular detectability. In current study methods for concentration and extraction, inter-method compatibility and recovery efficiency of spiked human adenovirus (HAdV) and human rotavirus A (RVA) were evaluated. For virus concentration, polyethylene glycol precipitation (PEG), charged membrane-based adsorption/elution (CMAE), and glass wool-based concentration (GW) methods were used. Nucleic acid was extracted by PowerViral™ Environmental RNA/DNA Isolation (POW), ZymoBIOMICS™ RNA extraction (ZYMO) and Wizard® Genomic DNA Purification (WGDP) and samples were analyzed by Real-Time PCR. CMAE method yielded significantly higher concentrations for both ARQ (Armored-RNA Quant) and RVA compared to PEG (P = 0.001 and 0.003) and GW (P < 0.0001). Highest HAdV concentration was obtained by PEG (P = 0.001 and < 0.0001) in relation to CMAE and GW. ZYMO yielded a significantly higher ARQ and RVA concentrations (P = 0.03 and 0.0057), whereas significantly higher concentration was obtained by POW for HAdV (P = 0.032). CMAE × ZYMO achieved the highest recovery efficiencies for ARQ (69.77 %) and RVA (64.25, respectively, while PEG × POW present efficiency of 9.7 % for HAdV. These findings provide guidance for understanding of method-related biases for viral recovery efficiency.",https://pubmed.ncbi.nlm.nih.gov/34126107/,in_scope,,,,
B0162,doi:10.1002/edn3.190,,Estuarine fishes associated with intertidal oyster reefs characterized using environmental DNA and baited remote underwater video,Environmental DNA,2022,"Victoria J. Cole, David Harasti, Rose Lines, Michael Stat",10.1002/edn3.190,It has been widely shown that oyster reefs enhance local biodiversity and fisheries production. To determine the importance of intertidal remnant estuarine oyster reefs compared to unstructured sandy habitats over small spatial scales (,https://doi.org/10.1002/edn3.190,in_scope,,,,
B0163,doi:10.1002/edn3.241,,Biodiversity assessment across a dynamic riverine system: A comparison of eDNA metabarcoding versus traditional fish surveying methods,Environmental DNA,2021,"Jane Hallam, Elizabeth L. Clare, John Iwan Jones, Julia J. Day",10.1002/edn3.241,"While many studies have considered the ability of eDNA to assess animal communities in lacustrine settings, fewer have considered riverine systems, particularly those spanning the environmental gradients present in large river basins. Such dynamic systems are challenging for eDNA biomonitoring due to differing eDNA transport distances in rivers and the effects of river chemistry. To address this challenge, we focused on the Thames River system, UK, which has exceptional historical fish records providing a baseline to test the accuracy of eDNA metabarcoding in recovering fish community structure across both fresh and tidal zones. Two primer sets targeting 12S and CO1 regions were used to capture fish communities across the Thames catchment, from the upper freshwaters to the mid estuary. eDNA was collected at 35 sites, 14 of which were simultaneously paired with traditional fish surveys for direct comparison. We demonstrated that eDNA metabarcoding consistently detected more freshwater species than traditional methods, despite extensive sampling effort using the latter. In contrast, metabarcoding did not perform as well as traditional approaches in estuarine waters, although results included the novel detection of the protected sea lamprey. We further demonstrated that minor variations in the recovery of all approaches would not impact on the assessment of simple ecological models of community structure and, thus, some variability between approaches should not be viewed as a serious hindrance to uptake. Rather, our findings support a growing consensus that eDNA can reliably detect fish communities across dynamic freshwater habitats.",https://doi.org/10.1002/edn3.241,in_scope,,,,
B0164,doi:10.1080/10455752.2016.1213013,,"Flint, Environmental Racism, and Racial Capitalism",Capitalism Nature Socialism,2016,Laura Pulido,10.1080/10455752.2016.1213013,"In this essay, I argue that the recent poisoning in Flint, Michigan, is a powerful example of both environmental racism and the everyday functioning of racial capitalism. As a journal devoted to le...",https://openalex.org/W2484711362,out_of_scope,,,,
B0165,doi:10.1186/s41182-023-00563-3,38115141,"Environmental detection of eumycetoma pathogens using multiplex real-time PCR for soil DNA in Sennar State, Sudan.",Tropical medicine and health,2023,"Hiroki Hashizume, Suguru Taga, Masayuki K Sakata, Mahmoud Hussein, Emmanuel Edwar Siddig, Toshifumi Minamoto, Ahmed Hassan Fahal, Satoshi Kaneko",10.1186/s41182-023-00563-3,"Mycetoma is a chronic disease affecting the skin and subcutaneous tissue endemic in the tropical and subtropical regions. Several bacteria and fungi can cause mycetoma, but fungal mycetoma (eumycetoma) is challenging because the treatment requires a combination of a long-term antifungal agent and surgery. Although the transmission route has not yet been elucidated, infection from the soil is a leading hypothesis. However, there are few soil investigation studies, and the geographical distribution of mycetoma pathogens is not well documented. Here, we used multiplex real-time PCR technology to identify three fungal species from soil samples. In total, 64 DNA samples were extracted from soil collected in seven villages in an endemic area in Sennar State, Sudan, in 2019. Primers and fluorescent probes specifically targeting the ribosomal DNA of Madurella mycetomatis, Falciformispora senegalensis, and F. tompkinsii were designed. Multiplex real-time PCR was performed and identified the major pathogen, M. mycetomatis that existed in most sites (95%). In addition, two other pathogens were identified from some sites. This is the first report on the use of this technique for identifying the eumycetoma causative microorganisms. This study demonstrated that soil DNA investigation can elucidate the risk area of mycetoma-causative agents. The results will contribute to the design of prevention measures, and further large-scale studies may be effective in understanding the natural habitats of mycetoma pathogens.",https://pubmed.ncbi.nlm.nih.gov/38115141/,in_scope,,,,
B0166,doi:10.1111/j.1574-695x.2010.00661.x,20337719,Transfer of antibiotic resistance by transformation with eDNA within oral biofilms.,FEMS immunology and medical microbiology,2010,"Saad Hannan, Derren Ready, Azmiza S Jasni, Michelle Rogers, Jonathan Pratten, Adam P Roberts",10.1111/j.1574-695X.2010.00661.x,"We demonstrate that live donor Veillonella dispar cells can transfer the conjugative transposon Tn916 to four different Streptococcus spp. recipients in a multispecies oral consortium growing as a biofilm in a constant depth film fermentor. Additionally, we demonstrate that purified V. dispar DNA can transform Streptococcus mitis to tetracycline resistance in this experimental system. These data show that transfer of conjugative transposon-encoded antibiotic resistance can occur by transformation in addition to conjugation in biofilms.",https://pubmed.ncbi.nlm.nih.gov/20337719/,out_of_scope,,,,
B0167,doi:10.1093/oxfordhb/9780199733026.001.0001,,The Oxford Handbook of Environmental and Conservation Psychology,Oxford University Press eBooks,2012,Susan Clayton,10.1093/oxfordhb/9780199733026.001.0001,"This handbook is the first to comprehensively study the interdependent fields of environmental and conservation psychology. In doing so, it seeks to map the rapidly growing field of conservation psychology and its relationship to environmental psychology. The Oxford Handbook of Environmental and Conservation Psychology includes basic research on environmental perceptions, attitudes, and values; research on specific environments, such as therapeutic settings, schools, and prisons; environmental impacts on human well-being; and ways to promote a more sustainable relationship between people and the natural environment. This handbook presents an extensive review of current research and is a thorough guide to the state of knowledge about a wide range of topics at the intersection of psychology and the physical environment. Beyond this, it provides a better understanding of the relationship between environmental and conservation psychology, and some sense of the directions in which these interdependent areas of study are heading.",https://openalex.org/W645407894,out_of_scope,,,,
B0168,doi:10.12688/wellcomeopenres.14193.1,29911186,Detection and quantification of Anopheles gambiae sensu lato mosquito larvae in experimental aquatic habitats using environmental DNA (eDNA).,Wellcome open research,2018,"Joel Odero, Bruno Gomes, Ulrike Fillinger, David Weetman",10.12688/wellcomeopenres.14193.1,"Background: Growing insecticide resistance and changes in biting and resting behavior of malaria vectors threaten efficacy of insecticide treated nets and indoor residual spraying. Larval source management (LSM) is a promising approach that can target mosquitoes irrespective of their behavior as adults. However, the use of traditional monitoring methods for immature stages of Anopheles mosquitoes is a major challenge to LSM due to the variability in their breeding habitats. We evaluate the use of an environmental DNA (eDNA) analysis technique in monitoring Anopheles gambiae sensu lato larvae in experimental aquatic habitats. Methods: eDNA was simultaneously sampled and extracted from different volumes of water, number of larvae, and occupation time. Larval presence was detected using PCR and eDNA concentration in samples from 1 L habitats quantified using an IGS and cyt b TaqMan assays. The limit of detection of the two assays was tested and larval density correlated with eDNA positivity. Results: 74% of replicates in the 50 mL habitats were PCR positive with at least 6h required to get a signal from a single larva (0.02 larvae/mL). All 12 replicates where 1 L of water was used were positive with stronger PCR bands than replicates with the same larval density in 50 mL for 24 h. There was a correlation between larval densities and eDNA detection in both assays: IGS, r = 0.503, p = 0.047; and cyt b,r = 0.558, p = 0.025. There was stochasticity in eDNA detection rates, using both PCR and qPCR across all the dilutions. Conclusion: This study has demonstrated the potential use of eDNA analysis for detection and quantification of An. gambiae s.s. mosquito larvae in aquatic habitats. The stochasticity observed in eDNA detection suggest that this technique is best for monitoring aquatic habitats with many larvae at low densities.",https://pubmed.ncbi.nlm.nih.gov/29911186/,in_scope,,,,
B0169,doi:10.3390/toxins14050341,35622588,Effects of Harmful Algal Blooms on Fish and Shellfish Species: A Case Study of New Zealand in a Changing Environment.,Toxins,2022,"Anne Rolton, Lesley Rhodes, Kate S Hutson, Laura Biessy, Tony Bui, Lincoln MacKenzie, Jane E Symonds, Kirsty F Smith",10.3390/toxins14050341,"Harmful algal blooms (HABs) have wide-ranging environmental impacts, including on aquatic species of social and commercial importance. In New Zealand (NZ), strategic growth of the aquaculture industry could be adversely affected by the occurrence of HABs. This review examines HAB species which are known to bloom both globally and in NZ and their effects on commercially important shellfish and fish species. Blooms of Karenia spp. have frequently been associated with mortalities of both fish and shellfish in NZ and the sub-lethal effects of other genera, notably Alexandrium spp., on shellfish (which includes paralysis, a lack of byssus production, and reduced growth) are also of concern. Climate change and anthropogenic impacts may alter HAB population structure and dynamics, as well as the physiological responses of fish and shellfish, potentially further compromising aquatic species. Those HAB species which have been detected in NZ and have the potential to bloom and harm marine life in the future are also discussed. The use of environmental DNA (eDNA) and relevant bioassays are practical tools which enable early detection of novel, problem HAB species and rapid toxin/HAB screening, and new data from HAB monitoring of aquaculture production sites using eDNA are presented. As aquaculture grows to supply a sizable proportion of the world's protein, the effects of HABs in reducing productivity is of increasing significance. Research into the multiple stressor effects of climate change and HABs on cultured species and using local, recent, HAB strains is needed to accurately assess effects and inform stock management strategies.",https://pubmed.ncbi.nlm.nih.gov/35622588/,out_of_scope,,,,
B0170,doi:10.1109/iembs.2010.5627864,21097329,Factor analysis of ventricular contraction using SPECT-ERNA images.,Annual International Conference of the IEEE Engineering in Medicine and Biology Society. IEEE Engineering in Medicine and Biology Society. Annual International Conference,2010,"Diana Rojas-Ordus, Luis Jiménez-Angeles, Salvador Hernández-Sandoval, Raquel Valdes-Cristerna",10.1109/IEMBS.2010.5627864,"Equilibrium radionuclide angiography images (ERNA) has been established as a useful modality for clinical evaluation of the ventricular function. Tomographic acquisition of ERNA (SPECT-ERNA) improves the quantification of ventricular function with planar ERNA, avoiding both the overlap of structures and the need of defining the best septal view which can be difficult in dilated ventricles. In this work we analyze the contribution and distribution of the most significant factors of dynamic structures (FADS), and propose an index based on the characterization of the normal contraction pattern, to quantify the ventricular contraction normality in a set of patients with clinical diagnosis of pulmonary arterial hypertension (PAH) using SPECT-ERNA. The statistical analysis shows significant differences between normal and PAH subjects in the models of left ventricle (LV) contraction pattern. This comparison shows that the LV has an abnormal contraction as a consequence of the pulmonary arterial hypertension.",https://pubmed.ncbi.nlm.nih.gov/21097329/,out_of_scope,,,,
B0171,doi:10.3390/insects12020171,33671118,"Western Corn Rootworm, Plant and Microbe Interactions: A Review and Prospects for New Management Tools.",Insects,2021,"Kyle J Paddock, Christelle A M Robert, Matthias Erb, Bruce E Hibbard",10.3390/insects12020171,"The western corn rootworm, Diabrotica virgifera virgifera LeConte, is resistant to four separate classes of traditional insecticides, all Bacillius thuringiensis (Bt) toxins currently registered for commercial use, crop rotation, innate plant resistance factors, and even double-stranded RNA (dsRNA) targeting essential genes via environmental RNA interference (RNAi), which has not been sold commercially to date. Clearly, additional tools are needed as management options. In this review, we discuss the state-of-the-art knowledge about biotic factors influencing herbivore success, including host location and recognition, plant defensive traits, plant-microbe interactions, and herbivore-pathogens/predator interactions. We then translate this knowledge into potential new management tools and improved biological control.",https://pubmed.ncbi.nlm.nih.gov/33671118/,out_of_scope,,,,
B0172,doi:10.1002/edn3.70208,,"Applying eDNA Methods to Monitor the Distribution of Remnant and Translocated Populations of an Endangered Amphibian, Litoria booroolongensis",Environmental DNA,2025,"Rebecca Wood, Daniel Coleman, Michael McFadden, Philip Spark, David Coote, Peta Hill, Elise Furlan",10.1002/edn3.70208,"Effective conservation of threatened species relies on precise detection methods to inform conservation management strategies. Here, we developed a new environmental DNA (eDNA) assay to detect the endangered Booroolong frog ( Litoria booroolongensis ) in river water samples throughout their range in Australia. The suitability of the assay to detect Booroolong frog eDNA was first validated ex situ from a population of captive‐bred frogs at Taronga Zoo, New South Wales. We then established the detectability of Booroolong frog DNA from river water samples collected in situ. The new assay successfully detected Booroolong frog eDNA in water samples collected from the breeding enclosure, from water samples exposed to adult frogs and frog egg masses. Testing in the field confirmed the effectiveness of the assay at detecting Booroolong frog eDNA in environmental water samples collected in situ from sites with known presence of the species determined from prior nocturnal surveys. Our results demonstrate the efficacy of eDNA for detecting Booroolong frogs from river water samples across its geographic range. Ongoing monitoring utilizing eDNA has the potential to support conservation efforts by enabling more efficient and widespread surveys for this endangered species.",https://doi.org/10.1002/edn3.70208,in_scope,,,,
B0173,doi:10.21079/11681/49843,,An environmental DNA (eDNA) tool for noninvasive detection of the endangered Rio Grande Silvery Minnow (Hybognathus amarus),,2025,"Denise Lindsay, Michael Porter, Richard Lance, Hira Walker",10.21079/11681/49843,"We designed two sets of hydrolysis probe quantitative real-time PCR (qPCR) assays for the detection of environmental DNA (eDNA) of the Rio Grande Silvery Minnow (Hybognathus amarus). Each assay was validated with eDNA samples collected from 1) tanks holding H. amarus, 2) locations the species is known to occupy within the Middle Rio Grande (New Mexico, United States), and 3) locations where the species is presumed absent in New Mexico. Both assays are highly sensitive, with limits of detection at 2 and 8 copies of target DNA per reaction. We recommend the assays be used in tandem to increase detection power and reduce the risk of false negative results. This new tool for the noninvasive detection of H. amarus will support recovery efforts and adaptive management by augmenting current methods to monitor H. amarus population and distribution. Furthermore, this study demonstrates the value of eDNA tools in aquatic threatened, endangered, and at-risk species monitoring.",https://doi.org/10.21079/11681/49843,in_scope,,,,
B0174,doi:10.1002/ece3.9598,36523529,"Species-specific environmental DNA analysis of the index species in soil ecosystem, Allonychiurus kimi (Collembola: Onychiuridae).",Ecology and evolution,2022,"Yun-Sik Lee, Minhyung Jung, June Wee, Yongeun Kim, Doo-Hyung Lee, Dong-Sung Lee, Taewoo Kim, Kijong Cho, Cheolho Sim",10.1002/ece3.9598,"Collembola are abundant and have significant roles in the soil ecosystem. Therefore, the phenotypic endpoints of Collembola population or community have been used as an effective bioindicator for assessing soil quality. Since the identification and counting the collembolans in the soil is a laborious and costly procedure, environmental DNA (eDNA)-based biomonitoring was proposed as an analysis tool of collembolan species found in the soil. In this study, standard primer sets for the species-specific eDNA analysis using Allonychiurus kimi, a soil bioindicator species was selected. Then, the primers were tested for specificity and sensitivity from the soil samples. Two different eDNA samples were tested: (1) eDNA samples were extracted from the soil with A. kimi individuals (intra-organismal eDNA). (2) The samples from the soil without A. kimi individuals (extra-organismal eDNA). The two primers were confirmed in their sensitivity and specificity to the two types of eDNA samples selected. C t-values from both intra- and extra-organismal eDNA showed the significant correlations to the number of inoculated A. kimi (adj. R 2 = 0.7453-0.9489). These results suggest that in excretion, egg, and other exuviae had a significant effect on eDNA analysis from soil samples taken. Furthermore, our results suggest that environmental factors should be considered when analyzing eDNA collected from soil.",https://pubmed.ncbi.nlm.nih.gov/36523529/,in_scope,,,,
B0175,doi:10.3390/pathogens10050555,34064327,Microeukaryotic Communities on the Fruit of Gardenia thunbergia Thunb. with a Focus on Pathogenic Fungi.,"Pathogens (Basel, Switzerland)",2021,"Bastian Steudel, Himansu Baijnath, Thorben Schwedt, Armin Otto Schmitt",10.3390/pathogens10050555,"Woody fruit which stay on ornamental plants for a long time may present a risk of infection to other organisms due to the presence of pathogens on their surface. We compared the microbe communities on the fruit surfaces of garden ornamental Gardenia thunbergia Thunb. with those on other surfaces in the study region. As Gardenia fruit contain antifungal substances, the focus of this study was on the fungal communities that exist thereon. We used Illumina sequencing to identify Amplicon Sequence Variants (ASV) of the internal transcribed spacer 2 (ITS2) of the ribosomal RNA. The microbial communities of the Gardenia fruit are distinct from the communities from the surrounding environments, indicating a specialized microhabitat. We employed clustering methods to position unidentified ASVs relative to known ASVs. We identified a total of 56 ASVs representing high risk fungal species as putative plant pathogens exclusively found on the fruit of Gardenia. Additionally, we found several ASVs representing putative animal or human pathogens. Those pathogens were distributed over distinct fungi clades. The infection risk of the high diversity of putative pathogens represented on the Gardenia fruit needs to be elucidated in further investigations.",https://pubmed.ncbi.nlm.nih.gov/34064327/,out_of_scope,,,,
B0176,doi:10.1016/j.jhazmat.2023.132441,37703739,Effects of point and nonpoint source pollution on urban rivers: From the perspective of pollutant composition and toxicity.,Journal of hazardous materials,2023,"Yuxuan Liu, Bei Su, Hongxin Mu, Yu Zhang, Ling Chen, Bing Wu",10.1016/j.jhazmat.2023.132441,"Wastewater discharge is considered to be one of the anthropogenic factors affecting the water quality of urban rivers. The source and composition of wastewater are complex and diverse, and it is difficult to evaluate its effect on water quality and ecological health of receiving waters. Environmental DNA method can determine all species living in waters by examining DNA sequences, reflecting the impact of water quality changes on aquatic systems. In this study, water samples from two urban rivers were collected in dry and wet seasons, and the composition of pollutants was investigated by nontarget screening. Based on the pollutant composition, compound toxicity prediction and concentration addition model were used to predict the toxicity changes of pollutants in the urban rivers. More than 1500 suspect organic pollutants were nontarget screened, and silafluofen was found to be a major toxicity contributor. Environmental DNA analysis was combined with water quality measure and pollutant toxicity prediction to reveal the effects of pollutants from different sources on aquatic ecosystems. Fish diversity was negatively correlated with the mixed toxicity of organic pollutants, suggesting potential ecological risk in these two urban rivers. Our study developed a water quality assessment method based on pollutant composition and toxicity, and the potential risk of nonpoint source pollutants on aquatic ecosystems should not be neglected.",https://pubmed.ncbi.nlm.nih.gov/37703739/,out_of_scope,,,,
B0177,doi:10.1002/eap.2812,36708145,Zeta diversity patterns in metabarcoded lotic algal assemblages as a tool for bioassessment.,Ecological applications : a publication of the Ecological Society of America,2023,"Ariel Levi Simons, Susanna Theroux, Melisa Osborne, Sergey Nuzhdin, Raphael Mazor, Joshua Steele",10.1002/eap.2812,"Assessments of the ecological health of algal assemblages in streams typically focus on measures of their local diversity and classify individuals by morphotaxonomy. Such assemblages are often connected through various ecological processes, such as dispersal, and may be more accurately assessed as components of regional-, rather than local-scale assemblages. With recent declines in the costs of sequencing and computation, it has also become increasingly feasible to use metabarcoding to more accurately classify algal species and perform regional-scale bioassessments. Recently, zeta diversity has been explored as a novel method of constructing regional bioassessments for groups of streams. Here, we model the use of zeta diversity to investigate whether stream health can be determined by the landscape diversity of algal assemblages. We also compare the use of DNA metabarcoding and morphotaxonomy classifications in these zeta diversity-based bioassessments of regional stream health. From 96 stream samples in California, we used various orders of zeta diversity to construct models of biotic integrity for multiple assemblages of diatoms, as well as hybrid assemblages of diatoms in combination with soft-bodied algae, using taxonomy data generated with both DNA sequencing as well as traditional morphotaxonomic approaches. We compared our ability to evaluate the ecological health of streams with the performance of multiple algal indices of biological condition. Our zeta diversity-based models of regional biotic integrity were more strongly correlated with existing indices for algal assemblages classified using metabarcoding compared to morphotaxonomy. Metabarcoding for diatoms and hybrid algal assemblages involved rbcL and 18S V9 primers, respectively. Importantly, we also found that these algal assemblages, independent of the classification method, are more likely to be assembled under a process of niche differentiation rather than stochastically. Taken together, these results suggest the potential for zeta diversity patterns of algal assemblages classified using metabarcoding to inform stream bioassessments.",https://pubmed.ncbi.nlm.nih.gov/36708145/,unsure,,,,
B0178,doi:10.3390/su12114674,,Impact of Industry 4.0 on Environmental Sustainability,Sustainability,2020,"Judit Oláh, Nemer Aburumman, József Popp, Muhammad Asif Khan, Hossam Haddad, Nicodemus Kitukutha",10.3390/su12114674,"Industry 4.0 is a concept that originated from the German industry, and whose essence is the use of technology for efficient production. In business today, the emergence of Industry 4.0 for production, and its related technologies, such as the Internet of Things (IoT) and cyber-physical systems, amongst others, have, however, a negative impact on environmental sustainability as a result of air pollution, the poor discharge of waste, and the intensive use of raw materials, information, and energy. The method used in this study is an analysis of a literature review of manuscripts discussing topics related to Industry 4.0 and environmental sustainability published between 2000 and 2020. There is currently a gap existing between the actual and the desired situation, in that production occurs in a weak sustainability model, and, therefore, this research debates the effects on environmental sustainability and the challenges facing Industry 4.0. Four scenarios are discussed: a deployment scenario, an operation scenario, integration and compliance with sustainable development goals, and a long-run scenario. The results indicate that there is a negative relationship related to the flow of the production process from the inputs to the final product, including raw materials, energy requirements, information, and waste disposal, and their impacts on the environment. However, the integration of Industry 4.0 and the sustainable development goals enhance environmental sustainability to create ecological support that guarantees high environmental performance with a more positive impact than before. This paper will help stakeholders and companies to provide solutions to the existing environmental challenges that can be mediated through adopting new technologies. The novelty of this study is its depiction of Industry 4.0 and its technologies integrated with sustainable development goals to create a sustainable Industry 4.0 combining environmental protection and sustainability.",https://openalex.org/W3033019025,out_of_scope,,,,
B0179,doi:10.1371/journal.pone.0292933,37831666,Environmental DNA transformation resulted in an active phage in Escherichia coli.,PloS one,2023,"Abdulkerim Karaynir, Bülent Bozdoğan, Hanife Salih Doğan",10.1371/journal.pone.0292933,"The achievement of an active biological entity from environmental DNA is important in the field of phage. In this study, the environmental DNA extracted from hospital wastewater was transferred into Escherichia coli DH10B and Escherichia coli BL21 with chemical transformation and electroporation. After transformation, overnight cultures were filtered and used as phage source. The efficacies of the techniques were evaluated with spot test and double-layer agar assay. The emerged phage, named as ADUt, was purified and host-range analysis was performed. Phage DNA was isolated, sequenced and restriction profile was determined. The genome was assembled. The phylogenetic tree was constructed via VipTree. The extracted DNA resulted in active phage by the transformation of E. coli DH10B, but not E. coli BL21. The chemical transformation was found more successful than electroporation. ADUt phage was found to be polyvalent and effective against limited strains of Shigella and Escherichia genera. The phage genome size and GC ratio are 166904 bp and 35.67%, respectively. ADUt is a member of Straboviridae family and Tequatrovirus genus. This is the first study that uses environmental DNA for acquiring active phage, which may be an important source of new phage discovery. The result showed that DNA transformation yields active bacteriophage with both chemical transformation and electroporation.",https://pubmed.ncbi.nlm.nih.gov/37831666/,in_scope,,,,
B0180,doi:10.1017/s0022149x25100801,41078228,Exploring hidden parasite diversity during a ParasiteBlitz across a coastal habitat gradient using environmental DNA metabarcoding.,Journal of helminthology,2025,"K M Hill-Spanik, D M Díaz-Morales, S D Atkinson, S Georgieva, B Sures, E W Davis, N Kmentová, M P M Vanhove, R Schütz, I de Buron",10.1017/S0022149X25100801,"Environmental DNA (eDNA) metabarcoding has lagged in parasite biodiversity assessments. We implemented this method to examine parasite diversity in sediment and water from 4 physically connected aquatic habitats in coastal South Carolina, USA, as part of a ParasiteBlitz in April 2023. Sediment was collected using a syringe corer, and water was sampled using active filtration and passive collection. Five amplicon libraries, using primers targeting portions of the mitochondrial COI of platyhelminths and 18S ribosomal RNA genes of nematodes, myxozoans, microsporidians, and protists, successfully yielded parasite sequences. Out of >5.8 million sequences, we identified >1,000 parasite amplicon sequence variants (ASVs) corresponding to ~600 parasite operational taxonomic units, from 6 parasite groups. Most diversity was observed among the microsporidians, whose assay demonstrated the highest fidelity. Actively-filtered water samples captured ASVs of all 6 groups, whereas sediment captured only 4, despite yielding 3× as many ASVs. Low DNA yields from passive water samples resulted in fewer, but some unique, ASVs representing 3 parasite groups. The most efficient sampling method varied with respect to parasite group across habitats, and the parasite communities from each habitat were distinct regardless of sampling method. We detected ASVs of 9 named species, 4 of which may represent introductions to the US. The abundance of our results demonstrates the effectiveness and efficiency of eDNA metabarcoding for assessing parasite diversity during short, intensive surveys, and highlights the critical need for more comprehensive sequence databases and the development of primers for those parasite taxa that elude detection using eDNA methods.",https://pubmed.ncbi.nlm.nih.gov/41078228/,in_scope,,,,
B0181,doi:10.1016/j.freeradbiomed.2017.01.029,28109890,Sunlight damage to cellular DNA: Focus on oxidatively generated lesions.,Free radical biology & medicine,2017,"André Passaglia Schuch, Natália Cestari Moreno, Natielen Jacques Schuch, Carlos Frederico Martins Menck, Camila Carrião Machado Garcia",10.1016/j.freeradbiomed.2017.01.029,"The routine and often unavoidable exposure to solar ultraviolet (UV) radiation makes it one of the most significant environmental DNA-damaging agents to which humans are exposed. Sunlight, specifically UVB and UVA, triggers various types of DNA damage. Although sunlight, mainly UVB, is necessary for the production of vitamin D, which is necessary for human health, DNA damage may have several deleterious consequences, such as cell death, mutagenesis, photoaging and cancer. UVA and UVB photons can be directly absorbed not only by DNA, which results in lesions, but also by the chromophores that are present in skin cells. This process leads to the formation of reactive oxygen species, which may indirectly cause DNA damage. Despite many decades of investigation, the discrimination among the consequences of these different types of lesions is not clear. However, human cells have complex systems to avoid the deleterious effects of the reactive species produced by sunlight. These systems include antioxidants, that protect DNA, and mechanisms of DNA damage repair and tolerance. Genetic defects in these mechanisms that have clear harmful effects in the exposed skin are found in several human syndromes. The best known of these is xeroderma pigmentosum (XP), whose patients are defective in the nucleotide excision repair (NER) and translesion synthesis (TLS) pathways. These patients are mainly affected due to UV-induced pyrimidine dimers, but there is growing evidence that XP cells are also defective in the protection against other types of lesions, including oxidized DNA bases. This raises a question regarding the relative roles of the various forms of sunlight-induced DNA damage on skin carcinogenesis and photoaging. Therefore, knowledge of what occurs in XP patients may still bring important contributions to the understanding of the biological impact of sunlight-induced deleterious effects on the skin cells.",https://pubmed.ncbi.nlm.nih.gov/28109890/,out_of_scope,,,,
B0182,doi:10.1038/s41598-019-40977-w,30918268,Improving eDNA yield and inhibitor reduction through increased water volumes and multi-filter isolation techniques.,Scientific reports,2019,"Margaret E Hunter, Jason A Ferrante, Gaia Meigs-Friend, Amelia Ulmer",10.1038/s41598-019-40977-w,"To inform management and conservation decisions, environmental DNA (eDNA) methods are used to detect genetic material shed into the water by imperiled and invasive species. Methodological enhancements are needed to reduce filter clogging, PCR inhibition, and false-negative detections when eDNA is at low concentrations. In the first of three simple experiments, we sought to ameliorate filter clogging from particulates and organic material through a scaled-up, multi-filter protocol. We combined four filters in a 5 mL Phenol-Chloroform-Isoamyl (PCI) procedure to allow for larger volumes of water (~1 L) to be filtered rapidly. Increasing the filtered water volume by four times resulted in 4.4X the yield of target DNA. Next, inhibition from organic material can reduce or block eDNA detections in PCR-based assays. To remove inhibitory compounds retained during eDNA isolation, we tested three methods to chemically strip inhibitors from eDNA molecules. The use of CTAB as a short-term (5-8 day) storage buffer, followed by a PCI isolation, resulted in the highest eDNA yields. Finally, as opposed to a linear relationship among increasing concentrations of filtered genomic eDNA, we observed a sharp change between the lower (70-280 ng) and higher (420-560 ng) amounts. This may be important for effectively precipitating eDNA during protocol testing.",https://pubmed.ncbi.nlm.nih.gov/30918268/,in_scope,,,,
B0183,doi:10.1038/s41598-025-26773-9,41315366,"Building a DNA barcode library of commercially exploited fish genetic resources (FGR) of the Gomti River, Ganga basin, implications for conservation and management.",Scientific reports,2025,"Ashish Sahu, Mahender Singh, Uttam Kumar Sarkar",10.1038/s41598-025-26773-9,"The Gomti River is a vital tributary of the largest Gangetic Riverine system, flowing in the northern part of Uttar Pradesh, India. This habitat serves as one of India's most precious repository for fish genetic resources (FGR), contributing significantly to regional biodiversity, and is a source of livelihood. It has diverse climatic conditions, which have led to a distinctive fish community structure and the presence of native species. The application of DNA barcoding for assessing FGR in the north Himalayan region, particularly in UP, presents a notable research gap. This study established the first DNA barcodes of voucher specimens identified through classical taxonomy, creating a molecular catalogue of commercially important fish species. DNA barcoding was accomplished using the cytochrome oxidase subunit I gene (COI) for species identification and phylogenetic analysis. We identified 37 commercially important fish species (34 native & 3 exotics) using classical taxonomy and molecular biology, which belonged to 8 orders, 18 families, and 29 genera. The IUCN conservation status revealed that 30 species (81.08%) were categorized as Least Concern (LC), followed by 4 species (10.81%) as Near Threatened (NT), 2 species (5.41%) as Vulnerable (VU), and 1 species (2.70%) as Endangered (EN). Cypriniformes order and Cyprinidae family emerged as the most dominant groups, contributing 40.54% and 29.73%, respectively. Average read lengths of all sequences were 630.82 bp (range 578-655 bp). Overall nucleotide composition of Adenine (A) = 25.81%, Thymine (T) = 28.88%, Cytosine (C) = 27.53%, and Guanine (G) = 17.78%. Average GC content (54.69%) was higher than AT content (45.31%). As expected, the uncorrected p-genetic distances showed a progressive increase in genetic divergence from lower to higher taxonomic levels. p-distance values ranged from 0-0.48% (mean 0.06%) within species, 0-11.37% (1.56%) within genera, 0-12.27% (5.00%) within families, and 0-15.31% (8.88%) within orders. Among families, Cyprinidae (12.27%) and Danionidae (11.57%) exhibited the highest genetic divergence. Whereas at the order level, the greatest divergence was observed in Perciformes (15.31%), followed by Siluriformes (15.22%). The constructed phylogenetic tree shows that all species are clearly separated based on similar groups and clustered into independent clades. Assemble Species by Automatic Partitioning (ASAP) analysis identified ten partitions with the best ASAP score (4.00). It reveals a barcode gap of 1-9% (0.01-0.09) and delimits approximately 31-37 putative fish species. The GTR + G + I model revealed a strong transition bias in the COI gene of the barcoded fishes, with higher pyrimidine substitutions and transition/transversion ratios (k₁ = 10.80; k₂ = 26.98; R = 3.09). Our dataset comprised 110 COI nucleotide sequences with 592 positions in the final alignment, including 236 polymorphic sites and 39 distinct haplotypes. We also estimated haplotype diversity (Hd = 0.975) and nucleotide diversity (π = 0.194). Our findings highlighted that efficacy of traditional taxonomy and DNA barcoding method (also known as integrative taxonomy) is complementary to each other for identifying and authenticating fish taxa. Additionally, the developed COI library will be valuable for future environmental DNA (eDNA) studies for detecting indigenous and exotic fish species and useful for nature conservation. We conclude that it serves as an effective tool for sustainable conservation, fishery management, and future monitoring of freshwater fish genetic resources.",https://pubmed.ncbi.nlm.nih.gov/41315366/,out_of_scope,,,,
B0184,doi:10.1016/j.mimet.2021.106271,34146605,Phospholipid fatty acid (PLFA) analysis as a tool to estimate absolute abundances from compositional 16S rRNA bacterial metabarcoding data.,Journal of microbiological methods,2021,"Natascha Lewe, Syrie Hermans, Gavin Lear, Laura T Kelly, Georgia Thomson-Laing, Barbara Weisbrod, Susanna A Wood, Robert A Keyzers, Julie R Deslippe",10.1016/j.mimet.2021.106271,"Microbial biodiversity monitoring through the analysis of DNA extracted from environmental samples is increasingly popular because it is perceived as being rapid, cost-effective, and flexible concerning the sample types studied. DNA can be extracted from diverse media before high-throughput sequencing of the prokaryotic 16S rRNA gene is used to characterize the taxonomic diversity and composition of the sample (known as metabarcoding). While sources of bias in metabarcoding methodologies are widely acknowledged, previous studies have focused mainly on the effects of these biases within a single substrate type, and relatively little is known of how these vary across substrates. We investigated the effect of substrate type (water, microbial mats, lake sediments, stream sediments, soil and a mock microbial community) on the relative performance of DNA metabarcoding in parallel with phospholipid fatty acid (PLFA) analysis. Quantitative estimates of the biomass of different taxonomic groups in samples were made through the analysis of PLFAs, and these were compared to the relative abundances of microbial taxa estimated from metabarcoding. Furthermore, we used the PLFA-based quantitative estimates of the biomass to adjust relative abundances of microbial groups determined by metabarcoding to provide insight into how the biomass of microbial taxa from PLFA analysis can improve understanding of microbial communities from environmental DNA samples. We used two sets of PLFA biomarkers that differed in their number of PLFAs to evaluate how PLFA biomarker selection influences biomass estimates. Metabarcoding and PLFA analysis provided significantly different views of bacterial composition, and these differences varied among substrates. We observed the most notable differences for the Gram-negative bacteria, which were overrepresented by metabarcoding in comparison to PLFA analysis. In contrast, the relative biomass and relative sequence abundances aligned reasonably well for Cyanobacteria across the tested freshwater substrates. Adjusting relative abundances of microbial taxa estimated by metabarcoding with PLFA-based quantification estimates of the microbial biomass led to significant changes in the microbial community compositions in all substrates. We recommend including independent estimates of the biomass of microbial groups to increase comparability among metabarcoding libraries from environmental samples, especially when comparing communities associated with different substrates.",https://pubmed.ncbi.nlm.nih.gov/34146605/,out_of_scope,,,,
B0185,doi:10.1111/j.1365-2427.2009.02179.x,,Incorporating thermal regimes into environmental flows assessments: modifying dam operations to restore freshwater ecosystem integrity,Freshwater Biology,2009,"Julian D. Olden, Robert J. Naiman",10.1111/j.1365-2427.2009.02179.x,"Summary 1. Despite escalating conflict over fresh water, recent years have witnessed a growing realisation that human society must modify its behaviour to ensure long‐term ecological vitality of riverine ecosystems. In response, ecologists have been increasingly asked to guide instream flow management by providing ‘environmental flow’ prescriptions for sustaining the ecological integrity of riverine systems. 2. Environmental flows are typically discussed in the context of water releases from dams and water allocation for extraction (such as for urban use or irrigation), where there is general agreement that rivers need to exhibit some resemblance of natural flow variability necessary to support a functioning ecosystem. Although productive dialogue continues on how best to define environmental flows, these discussions have been focused primarily on water quantity without explicit consideration of many components of water quality, including water temperature – a fundamental ecological variable. 3.Many human activities on the landscape have modified riverine thermal regimes. In particular, many dams have modified thermal regimes by selectively releasing hypolimnetic (cold) or epilimnetic (warm) water from thermally stratified reservoirs to the detriment of entire assemblages of native organisms. Despite the global scope of thermal alteration by dams, the prevention or mitigation of thermal degradation has not entered the conversation when environmental flows are discussed. 4.Here, we propose that a river’s thermal regime is a key, yet poorly acknowledged, component of environmental flows. This study explores the concept of the natural thermal regime, reviews how dam operations modify thermal regimes, and discusses the ecological implications of thermal alteration for freshwater ecosystems. We identify five major challenges for incorporating water temperatures into environmental flow assessments, and describe future research opportunities and some alternative approaches for confronting those challenges. 5. We encourage ecologists and water managers to broaden their perspective on environmental flows to include both water quantity and quality with respect to restoring natural thermal regimes. We suggest that scientific research should focus on the comprehensive characterisation of seasonality and variability in stream temperatures, quantification of the temporal and spatial impacts of dam operations on thermal regimes and clearer elucidation of the relative roles of altered flow and temperature in shaping ecological patterns and processes in riverine ecosystems. Future investigations should also concentrate on using this acquired knowledge to identify the ‘manageable’ components of the thermal regime, and develop optimisation models that evaluate management trade‐offs and provide a range of optimal environmental flows that meet both ecosystem and human needs for fresh water.",https://openalex.org/W1860093990,out_of_scope,,,,
B0186,doi:10.1155/jeph,,Journal of Environmental and Public Health,Journal of Environmental and Public Health,2009,,10.1155/jeph,"Journal of Environmental and Public Health publishes research covering all population-wide health issues. The journal serves the public health community: epidemiologists, clinicians, toxicologists, governmental agencies, policy makers, and NGOs.",https://openalex.org/W4205913573,out_of_scope,,,,
B0187,doi:10.1111/1755-0998.12305,25042458,Ten real-time PCR assays for detection of fish predation at the community level in the San Francisco Estuary-Delta.,Molecular ecology resources,2014,"Scott Brandl, Gregg Schumer, Brian M Schreier, Jessica L Conrad, Bernie May, Melinda R Baerwald",10.1111/1755-0998.12305,"The effect of predation on native fish by introduced species in the San Francisco Estuary-Delta (SFE) has not been thoroughly studied despite its potential to impact species abundances. Species-specific quantitative PCR (qPCR) is an accurate method for identifying species from exogenous DNA samples. Quantitative PCR assays can be used for detecting prey in gut contents or faeces, discriminating between cryptic species, or detecting rare aquatic species. We designed ten TaqMan qPCR assays for fish species from the SFE watershed most likely to be affected by non-native piscivores. The assays designed are highly specific, producing no signal from co-occurring or related species, and sensitive, with a limit of detection between 3.2 and 0.013 pg/μL of target DNA. These assays will be used in conjunction with a high-throughput qPCR platform to compare predation rates between native and non-native piscivores and assess the impacts of predation in the system.",https://pubmed.ncbi.nlm.nih.gov/25042458/,out_of_scope,,,,
B0188,doi:10.1016/j.forsciint.2024.112085,38850619,Assessing eDNA capture method from aquatic environment to optimise recovery of human mt-eDNA.,Forensic science international,2024,"Marie Antony Dass, Craig D H Sherman, Roland A H van Oorschot, Kate Tuohey, Dadna Hartman, Gemma Carter, Annalisa Durdle",10.1016/j.forsciint.2024.112085,"Previous studies have shown that environmental DNA (eDNA) from human sources can be recovered from natural bodies of water, and the generation of DNA profiles from such environmental samples may assist in forensic investigations. However, fundamental knowledge gaps exist around the factors influencing the probability of detecting human eDNA and the design of optimal sampling protocols. One of these is understanding the particle sizes eDNA signals are most strongly associated with and the most appropriate filter size needed for efficiently capturing eDNA particles. This study assessed the amount of mitochondrial eDNA associated with different particle sizes from human blood and skin cells recovered from freshwater samples. Samples (300 mL) were taken from experimental 10 L tanks of freshwater spiked with 50 µL of human blood or skin cells deposited by vigorously rubbing hands together for two minutes in freshwater. Subsamples were collected by passing 250 mL of experimental water sample through six different filter pore sizes (from 0.1 to 8 µm). This process was repeated at four time intervals after spiking over 72 hours to assess if the particle size of the amount of eDNA recovered changes as the eDNA degrades. Using a human-specific quantitative polymerase chain reaction (qPCR) assay targeting the HV1 mitochondrial gene region, the total amount of mitochondrial eDNA associated with different particle size fractions was determined. In the case of human blood, at 0 h, the 0.45 µm filter pore size captured the greatest amount of mitochondrial eDNA, capturing 42 % of the eDNA detected. The pattern then changed after 48 h, with the 5 µm filter pore size capturing the greatest amount of eDNA (67 %), and 81 % of eDNA at 72 h. Notably, a ten-fold dilution proved to be a valuable strategy for enhancing eDNA recovery from the 8 µm filter at all time points, primarily due to the PCR inhibition observed in hemoglobin. For human skin cells, the greatest amounts of eDNA were recovered from the 8 µm filter pore size and were consistent through time (capturing 37 %, 56 %, and 88 % of eDNA at 0 hours, 48 hours, and 72 hours respectively). There is a clear variation in the amount of eDNA recovered between different cell types, and in some forensic scenarios, there is likely to be a mix of cell types present. These results suggest it would be best to use a 5 µm filter pore size to capture human blood and an 8 µm filter pore size to capture human skin cells to maximize DNA recovery from freshwater samples. Depending on the cell type contributing to the eDNA, a combination of different filter pore sizes may be employed to optimize the recovery of human DNA from water samples. This study provides the groundwork for optimizing a strategy for the efficient recovery of human eDNA from aquatic environments, paving the way for its broader application in forensic and environmental sciences.",https://pubmed.ncbi.nlm.nih.gov/38850619/,in_scope,,,,
B0189,doi:10.1016/j.ejop.2016.12.002,28222945,"NAD9/NAD7 (mitochondrial nicotinamide adenine dinucleotide dehydrogenase gene)-A new ""Holy Grail"" phylogenetic and DNA-barcoding marker for Arcellinida (Amoebozoa)?",European journal of protistology,2016,"Quentin Blandenier, Enrique Lara, Edward A D Mitchell, Daniel M C Alcantara, Ferry J Siemensma, Milcho Todorov, Daniel J G Lahr",10.1016/j.ejop.2016.12.002,"Molecular phylogeny is an indispensable tool for assessing evolutionary relationships among protists. The most commonly used marker is the small subunit ribosomal RNA gene, a conserved gene present in many copies in the nuclear genomes. However, this marker is not variable enough at a fine-level taxonomic scale, and intra-genomic polymorphism has already been reported. Finding a marker that could be useful at both deep and fine taxonomic resolution levels seemed like a utopic dream. We designed Amoebozoa-specific primers to amplify a region including partial sequences of two subunits of the mitochondrial nicotinamide adenine dinucleotide dehydrogenase gene (NAD9/NAD7). We applied them to arcellinids belonging to distantly related genera (Arcella, Difflugia, Netzelia and Hyalosphenia) and to Arcellinid-rich environmental samples to obtain additional Amoebozoa sequences. Tree topology was congruent with previous phylogenies, all nodes being highly supported, suggesting that this marker is well-suited for deep phylogenies in Arcellinida and perhaps Amoebozoa. Furthermore, it enabled discrimination of close-related taxa. This short genetic marker (ca. 250bp) can therefore be used at different taxonomic levels, due to a fast-varying intergenic region presenting either a small intergenic sequence or an overlap, depending on the species.",https://pubmed.ncbi.nlm.nih.gov/28222945/,out_of_scope,,,,
B0190,doi:10.3390/ani14111519,38891566,eDNA Metabarcoding Reveals the Species-Area Relationship of Amphibians on the Zhoushan Archipelago.,Animals : an open access journal from MDPI,2024,"Wenhao Li, Xianglei Hou, Yunlong Zhu, Jiacong Du, Chunxia Xu, Jingyuan Yang, Yiming Li",10.3390/ani14111519,"The species-area relationship is important for understanding species diversity patterns at spatial scales, but few studies have examined the relationship using environmental DNA (eDNA) techniques. We investigated amphibian diversity on 21 islands of the Zhoushan Archipelago and nearby mainland areas in China using the combination of eDNA metabarcoding and the traditional line transect method (TLTM) and identified the species-area relationship for amphibians on the islands. The mean detection probability of eDNA is 0.54, while the mean detection probability of TLTM is 0.24. The eDNA metabarcoding detected eight amphibian species on the islands and nine species in the mainland areas, compared with seven species on the islands and nine species in the mainland areas that were identified by TLTM. Amphibian richness on the islands increased with island area and habitat diversity. The species-area relationship for amphibians in the archipelago was formulated as the power function (S = 0.47A0.21) or exponential function (S = 2.59 + 2.41 (logA)). Our results suggested that eDNA metabarcoding is more sensitive for the detection of amphibian species. The combined use of eDNA metabarcoding and the traditional line transect method may optimize the survey results for amphibians.",https://pubmed.ncbi.nlm.nih.gov/38891566/,in_scope,,,,
B0191,doi:10.1002/edn3.523,,Proteinase K is not essential for marine eDNA metabarcoding,Environmental DNA,2024,"Molly A. Timmers, Katherine Viehl, Cameron Angulo, Mykle L. Hoban, Robert J. Toonen, Cameron A. J. Walsh, Van Wishingrad, Brian W. Bowen",10.1002/edn3.523,"Proteinase K (ProK) is regarded as an essential ingredient in most DNA extraction protocols for protein‐rich sample types such as tissue, blood, and mucus. However, ProK is expensive and may be unnecessary when samples are protein‐limited, such as environmental DNA (eDNA) from oligotrophic seawater. To investigate this, we filtered seawater through Sterivex cartridges from a mesocosm receiving input from the adjacent coral reef slope at the Hawai‘i Institute of Marine Biology. We tested whether the addition of varying levels of ProK (0 μL, 25 μL, 50 μL, 100 μL, or 150 μL—20 mg/mL stock concentrations) to 1.8 mL of lysis buffer affected DNA yield and the diversity, community composition, and detection of known organisms within the mesocosm community based on zero‐width operational taxonomic units (ZOTUs) obtained from DNA metabarcoding. We found no significant differences in diversity metrics among ProK quantities and dominant ZOTUs were consistent across concentrations. Over 50% of detected ZOTUs were shared among samples and only two ZOTUs were unique to samples of a particular ProK concentration. While the community composition among ProK quantities differed, pairwise community comparisons between quantities were not statistically significant and matched the known species composition of the mesocosm. These results suggest that rare ZOTUs and eDNA patchiness are driving overall community differences as opposed to extraction ingredients. Our data show that ProK is not essential when assessing communities from oligotrophic marine environments using eDNA and that the reduction or elimination of ProK can decrease sample preparation time and costs while maintaining data integrity.",https://doi.org/10.1002/edn3.523,in_scope,,,,
B0192,doi:10.31083/fbs26247,40150871,Evaluation of Fish Species Detection in the Northwestern Pacific using eDNA Metabarcoding: A Mock Community Approach.,Frontiers in bioscience (Scholar edition),2025,"Sergei V Turanov, Olesia A Rutenko",10.31083/FBS26247,"Metabarcoding of environmental DNA (eDNA), a technique using high-throughput sequencing, has transformed biodiversity monitoring by identifying organisms from DNA fragments present in the environment. This method, particularly useful for aquatic ecosystems, allows for non-invasive species monitoring, helping to provide insight into ecosystem composition and taxonomic diversity. The objective of this study was to assess the efficacy of eDNA metabarcoding for fish species identification in a model community from the northeast Pacific Ocean using 12S ribosomal RNA (12S rRNA) marker. Water samples were collected from the tank of the Primorsky Aquarium, which contains fish species from the Sea of Japan, Sea of Okhotsk, and Bering Sea. DNA was extracted using syringe filters and enriched with polymerase chain reaction (PCR) of mitochondrial 12S rRNA fragment, followed by sequencing on Illumina platform. The resulting reads were processed using the bayesian generalized uncertainty modeling (BEGUM) pipeline and their taxonomic diversity was assessed by basic local alignment search tool (BLAST) search. Using in silico PCR, we also assessed the possible association of detection failures of some species with the presence of primer-to-target sequence mismatches. From a fish community of only 20 species in the tank, we identified 56 operational taxonomic units (OTUs) corresponding to 28 genera. Among these OTUs, 20 species were unambiguously classified by BLAST-based analysis, though only 9 of them corresponded to the species actually present in the tank. Significant problems included inconsistent reference data and marker biases that affected the accuracy of species identification. In addition to DNA contamination from feed, contamination from the water source may have introduced extraneous DNA into the samples. Also, using in silico PCR analysis with a small number of available reference sequences, we demonstrated a significantly higher number of primer mismatches for species that were not identified. This study highlights the relative efficacy of eDNA metabarcoding for fish species identification, but also highlights the need to improve reference databases and minimise contamination, searching for references and primers to improve accuracy. Further research should focus on optimising marker selection and controlling methodological bias to ensure robust biodiversity estimates.",https://pubmed.ncbi.nlm.nih.gov/40150871/,in_scope,,,,
B0193,doi:10.1002/ece3.6088,32185004,Space invaders: Searching for invasive Smallmouth Bass (Micropterus dolomieu) in a renowned Atlantic Salmon (Salmo salar) river.,Ecology and evolution,2020,"Antóin M O'Sullivan, Kurt M Samways, Alysse Perreault, Cécilia Hernandez, Mark D Gautreau, R Allen Curry, Louis Bernatchez",10.1002/ece3.6088,"Humans have the ability to permanently alter aquatic ecosystems and the introduction of species is often the most serious alteration. Non-native Smallmouth Bass (Micropterus dolomieu) were identified in Miramichi Lake c. 2008, which is a headwater tributary to the Southwest Miramichi River, a renowned Atlantic Salmon (Salmo salar) river whose salmon population is dwindling. A containment programme managed by the Department of Fisheries and Oceans, Canada (DFO) was implemented in 2009 to confine Smallmouth Bass (SMB) to the lake. We utilized environmental DNA (eDNA) as a detection tool to establish the potential escape of SMB into the Southwest Miramichi River. We sampled at 26 unique sites within Miramichi Lake, the outlet of Miramichi Lake (Lake Brook), which flows into the main stem Southwest Miramichi River, and the main stem Southwest Miramichi River between August and October 2017. We observed n = 6 positive detections located in the lake, Lake Brook, and the main stem Southwest Miramichi downstream of the lake. No detections were observed upstream of the confluence of Lake Brook and the main stem Southwest Miramichi. The spatial pattern of positive eDNA detections downstream of the lake suggests the presence of individual fish versus lake-sourced DNA in the outlet stream discharging to the main river. Smallmouth Bass were later confirmed by visual observation during a snorkeling campaign, and angling. Our results, both eDNA and visual confirmation, definitively show Smallmouth Bass now occupy the main stem of the Southwest Miramichi.",https://pubmed.ncbi.nlm.nih.gov/32185004/,in_scope,,,,
B0194,doi:10.1016/j.gsf.2018.12.005,,"Rare earth elements: A review of applications, occurrence, exploration, analysis, recycling, and environmental impact",Geoscience Frontiers,2019,V. Balaram,10.1016/j.gsf.2018.12.005,"Rare earth elements (REE) include the lanthanide series elements (La, Ce, Pr, Nd, Pm, Sm, Eu, Gd, Tb, Dy, Ho, Er, Tm, Yb, and Lu) plus Sc and Y. Currently these metals have become very critical to several modern technologies ranging from cell phones and televisions to LED light bulbs and wind turbines. This article summarizes the occurrence of these metals in the Earth's crust, their mineralogy, different types of deposits both on land and oceans from the standpoint of the new data with more examples from the Indian subcontinent. In addition to their utility to understand the formation of the major Earth reservoirs, multi-faceted updates on the applications of REE in agriculture and medicine including new emerging ones are presented. Environmental hazards including human health issues due to REE mining and large-scale dumping of e-waste containing significant concentrations of REE are summarized. New strategies for the future supply of REE including recent developments in the extraction of REE from coal fired ash and recycling from e-waste are presented. Recent developments in individual REE separation technologies in both metallurgical and recycling operations have been highlighted. An outline of the analytical methods for their precise and accurate determinations required in all these studies, such as, X-ray fluorescence spectrometry (XRF), laser induced breakdown spectroscopy (LIBS), instrumental neutron activation analysis (INAA), inductively coupled plasma optical emission spectrometry (ICP-OES), glow discharge mass spectrometry (GD-MS), inductively coupled plasma mass spectrometry (including ICP-MS, ICP-TOF-MS, HR-ICP-MS with laser ablation as well as solution nebulization) and other instrumental techniques, in different types of materials are presented. Keywords: REE, Mineralogy, Deposits, Metallurgy, Environmental, Recycling",https://openalex.org/W2921571282,out_of_scope,,,,
B0195,doi:10.3389/fmicb.2018.00235,,Host and Environmental Factors Affecting the Intestinal Microbiota in Chickens,Frontiers in Microbiology,2018,"Jannigje G. Kers, Francisca C. Velkers, Egil A.J. Fischer, Gerben D. A. Hermes, Arjan Stegeman, Hauke Smidt",10.3389/fmicb.2018.00235,"The initial development of intestinal microbiota in poultry plays an important role in production performance, overall health and resistance against microbial infections. Multiplexed sequencing of 16S ribosomal RNA gene amplicons is often used in studies, such as feed intervention or antimicrobial drug trials, to determine corresponding effects on the composition of intestinal microbiota. However, considerable variation of intestinal microbiota composition has been observed both within and across studies. Such variation may in part be attributed to technical factors, such as sampling procedures, sample storage, DNA extraction, the choice of PCR primers and corresponding region to be sequenced, and the sequencing platforms used. Furthermore, part of this variation in microbiota composition may also be explained by different host characteristics and environmental factors. To facilitate the improvement of design, reproducibility and interpretation of poultry microbiota studies, we have reviewed the literature on confounding factors influencing the observed intestinal microbiota in chickens. First, it has been identified that host-related factors, such as age, sex, and breed, have a large effect on intestinal microbiota. The diversity of chicken intestinal microbiota tends to increase most during the first weeks of life, and corresponding colonization patterns seem to differ between layer- and meat-type chickens. Second, it has been found that environmental factors, such as biosecurity level, housing, litter, feed access and climate also have an effect on the composition of the intestinal microbiota. As microbiota studies have to deal with many of these unknown or hidden host and environmental variables, the choice of study designs can have a great impact on study outcomes and interpretation of the data. Providing details on a broad range of host and environmental factors in articles and sequence data repositories is highly recommended. This creates opportunities to combine data from different studies for meta-analysis, which will facilitate scientific breakthroughs toward nutritional and husbandry associated strategies to improve animal health and performance.",https://openalex.org/W2796250849,out_of_scope,,,,
B0196,doi:10.1007/s11356-024-32935-5,38492140,Species distribution modeling combined with environmental DNA analysis to explore distribution of invasive alien mosquitofish (Gambusia affinis) in China.,Environmental science and pollution research international,2024,"Xu Han, Jinxiao Chen, Lang Wu, Guo Zhang, Xiaoteng Fan, Tao Yan, Long Zhu, Yongjing Guan, Linjun Zhou, Tingting Hou, Xue Xue, Xiangju Li, Mingrong Wang, Haoran Xing, Xiaofan Xiong, Zaizhao Wang",10.1007/s11356-024-32935-5,"China has become one of the most serious countries suffering from biological invasions in the world. In the context of global climate change, invasive alien species (IAS) are likely to invade a wider area, posing greater ecological and economic threats in China. Western mosquitofish (Gambusia affinis), which is known as one of the 100 most invasive alien species, has distributed widely in southern China and is gradually spreading to the north, causing serious ecological damage and economic losses. However, its distribution in China is still unclear. Hence, there is an urgent need for a more convenient way to detect and monitor the distribution of G. affinis to put forward specific management. Therefore, we detected the distribution of G. affinis in China under current and future climate change by combing Maxent modeling prediction and eDNA verification, which is a more time-saving and reliable method to estimate the distribution of species. The Maxent modeling showed that G. affinis has a broad habitat suitability in China (especially in southern China) and would continue to spread in the future with ongoing climate change. However, eDNA monitoring showed that occurrences can already be detected in regions that Maxent still categorized as unsuitable. Besides temperature, precipitation and human influence were the most important environmental factors affecting the distribution of G. affinis in China. In addition, by environmental DNA analysis, we verified the presence of G. affinis predicted by Maxent in the Qinling Mountains where the presence of G. affinis had not been previously recorded.",https://pubmed.ncbi.nlm.nih.gov/38492140/,in_scope,,,,
B0197,doi:10.1111/mec.12805,24957161,The rich and the sensitive: diverse fungal communities change functionally with the warming Arctic.,Molecular ecology,2014,"Ari Jumpponen, Shawn P Brown",10.1111/mec.12805,"Fungi are very abundant and functionally pivotal in Arctic terrestrial ecosystems. Yet, our understanding of their community composition, diversity and particularly their environmental drivers is superficial at the very best. In this issue of Molecular Ecology, Timling et al. (2014) describe perhaps one of the most comprehensive and geographically ambitious molecular studies on Arctic fungal communities to date. The results highlight the potential sensitivity of the fungal communities to plant communities, environmental conditions and therefore to environmental change. Thus, these studies lay a foundation to educated speculation on the fungal community migration northwards as a result of predicted climate change.",https://pubmed.ncbi.nlm.nih.gov/24957161/,out_of_scope,,,,
B0198,doi:10.1016/j.ejpe.2015.03.011,,"A review on polycyclic aromatic hydrocarbons: Source, environmental impact, effect on human health and remediation",Egyptian Journal of Petroleum,2015,"Hussein I. Abdel‐Shafy, Mona S. M. Mansour",10.1016/j.ejpe.2015.03.011,"Polycyclic aromatic hydrocarbons (PAHs) are ubiquitous environmental pollutants generated primarily during the incomplete combustion of organic materials (e.g. coal, oil, petrol, and wood). Emissions from anthropogenic activities predominate; nevertheless, some PAHs in the environment originate from natural sources such as open burning, natural losses or seepage of petroleum or coal deposits, and volcanic activities. Major anthropogenic sources of PAHs include residential heating, coal gasification and liquefying plants, carbon black, coal-tar pitch and asphalt production, coke and aluminum production, catalytic cracking towers and related activities in petroleum refineries as well as and motor vehicle exhaust. PAHs are found in the ambient air in gas-phase and as sorbet to aerosols. Atmospheric partitioning of PAH compounds between the particulate and the gaseous phases strongly influences their fate and transport in the atmosphere and the way they enter into the human body. The removal of PAHs from the atmosphere by dry and wet deposition processes are strongly influenced by their gas/particle partitioning. Atmospheric deposition is a major source for PAHs in soil. Many PAHs have toxic, mutagenic and/or carcinogenic properties. PAHs are highly lipid soluble and thus readily absorbed from the gastrointestinal tract of mammals. They are rapidly distributed in a wide variety of tissues with a marked tendency for localization in body fat. Metabolism of PAHs occurs via the cytochrome P450-mediated mixed function oxidase system with oxidation or hydroxylation as the first step. Several different remediation technologies have been tested in efforts to remove these environmental contaminants. Among them, bioremediation is showing particular promise as a safe and cost-effective option. In spite of their xenobiotic properties, a variety of genera of gram-positive and -negative bacteria, fungi and algae have been isolated and characterized for their ability to utilize PAHs. The aim of this review is to discuss PAHs impact on the environmental and the magnitude of the human health risks posed by such substances. They also contain important information on concentrations, burdens and fate of polycyclic aromatic hydrocarbons (PAHs) in the atmosphere. The main anthropogenic sources of PAHs and their effect on the concentrations of these compounds in air are discussed. The fate of PAHs in the air, their persistence and the main mechanisms of their losses are presented. Health hazards associated with PAH air pollution are stressed.",https://openalex.org/W2201735116,out_of_scope,,,,
B0199,doi:10.1016/j.dib.2024.111260,39867484,"A dataset on environmental DNA, bacterio-, phyto- and zooplankton from an emerging periglacial lagoon in Svalbard, Arctic.",Data in brief,2024,"Sergej Olenin, Dzmitry Lukashanets, Anastasija Zaiko, Aurelija Samuilovienė, Irina Olenina, Evelina Grinienė, Tobia Politi, Aleksej Šaškov, Greta Kilmonaitė, Andrius Šiaulys",10.1016/j.dib.2024.111260,"Over the last few decades, climate change in Svalbard (European Arctic) has led to the emergence and growth of periglacial coastal lagoons in the place of retreating glaciers. In these emerging water bodies, new ecosystems are formed, consisting of elements presumably entering the lagoon from the melting glacier, the surrounding tundra water bodies and the coastal ocean. The data presented here were collected from an emerging lagoon in the western region of Spitsbergen, Svalbard, situated between the retreating Eidembreen Glacier and Eidembukta Bay in 2022-2023. The current size of the lagoon area is approximately 6 square kilometers. The sampling was carried out at 26 sites across various sections of the lagoon, spanning from close proximity to the glacier to the furthest point away. The dataset contains the results of bacterioplankton (total cell concentration and carbon biomass), phytoplankton (taxonomic composition, cell size for selected taxa, abundance, biomass and carbon biomass), zooplankton (taxonomic composition, abundance), and environmental DNA (eDNA) metabarcoding. The dataset will be utilized to provide a comprehensive description of the structure of the lagoon ecosystem. It will also facilitate a comparison of its various parts, which vary in terms of their age of origin, i.e., release from the glacier. Additionally, the dataset will aid in the understanding of the intricate interactions between the freshwater and marine elements of the ecosystem. It can be used for comparative analysis of biodiversity assessment using eDNA and traditional microscopy methods in the identification of phyto- and zooplankton. Furthermore, these data can be utilized for environmental monitoring, tracing the temporal shifts and conducting comparative analysis of periglacial lagoons that are emerging in various regions of Svalbard as a result of climate change.",https://pubmed.ncbi.nlm.nih.gov/39867484/,in_scope,,,,
B0200,doi:10.1139/gen-2024-0158,40080858,The Pathway to Increase Standards and Competency of eDNA Surveys (PISCeS) 2023 conference-Towards standardization and data management in the field of eDNA.,Genome,2025,"Morgan R H Humphrey, Tzitziki Loeza-Quintana, Kate Lindsay, Margaret F Docker, Caren C Helbing, Robert H Hanner",10.1139/gen-2024-0158,"The second iteration of the international conference ""Pathway to Increase Standards and Competency of eDNA Surveys"" was held at the University of Guelph, Guelph, Ontario, Canada from 18 June to 20 June 2023. During this environmental DNA (eDNA) conference, 60 oral and 25 poster presentations from academia, government, industry, NGOs, and Indigenous partners discussed the latest developments in eDNA research, explored strategies to inform public policy, and presented future directions in the field. The conference also included three panel discussions focused on prominent themes in the eDNA space, and five workshops dedicated to practical eDNA tools and methods. Recordings of presentations at the conference have been made available on YouTube. Here we summarize the major themes covered during the conference, provide our concluding remarks, and share the conference abstracts.",https://pubmed.ncbi.nlm.nih.gov/40080858/,in_scope,,,,
